key,regex
efp,"^([Aa][Tt][12345CM][Gg][0-9]{5})$|^([0-9]{6}(_[xsfi])?_at)$|^([0-9]{6,9})$|^(AFFX-(BioB|BioC|BioDn|CreX|DapX|LysX|PheX|ThrX|TrpnX)-(3|5|M)_at)$|^(AFFX-r2-(Bs|Ec|P1)-(dap|lys|phe|thr|bioB|bioC|bioD|cre)-(3|5|M)(_|_x_|_s_)at)$"
efp_Eutrema,^(Thhalv\d{8}m\.g)$|^(XLOC_\d{6})$|^(nXLOC\d{6})$|^(At\dg\d{5})$
efp_actinidia,"^(Acc\d+\.\d{0,3})$"
efp_apple,"^(MfusH1_\d\dg\d{1,8})$"
efp_arabidopsis,"^([Aa][Tt][12345CM][Gg][0-9]{5})$|^([0-9]{6}(_[xsfi])?_at)$|^([0-9]{6,9})$|^(AFFX-(BioB|BioC|BioDn|CreX|DapX|LysX|PheX|ThrX|TrpnX)-(3|5|M)_at)$|^(AFFX-r2-(Bs|Ec|P1)-(dap|lys|phe|thr|bioB|bioC|bioD|cre)-(3|5|M)(_|_x_|_s_)at)$"
efp_arabidopsis_lipid,"(?i)^[a-z0-9\s:;\/\[\]_\+\-]{1,64}$"
efp_arachis,^(Adur\d+_comp\d+_c\d+_seq\d+)$|^(Gyn_Aipa_c\d+_g\d+_i\d+)$|^(Aipa\d+_comp\d+_c\d+_seq\d+)$|^(Gyn_Adur_c\d+_g\d+_i\d+)$
efp_barley,"^((HM|HV).*)$|^(HV.*_at)$|^(([0-9]{4,7})_(Reg|R)_([0-9]{2,4})-([0-9]{4})_at)$|^([0-9]{4,5}\.AF[0-9]{5}(_|_x_)at)$|^(A[0-9]{5}\.[0-9]{1}(_|_x_|_s_)at)$|^(([A-Z]{2}[0-9]{6}|[A-Z]{2}[0-9]{6}\.1)(_|_x_|_s_|_CDS-[0-9]{1,2}_|_CDS-[0-9]{1,2}_s_)at)$|^(AFFX-(BioB|BioC|BioDn|CreX|DapX|LysX|PheX|ThrX|TrpnX)-(3|5|M)_at)$|^(AFFX-r2-(Bs|Ec|P1)-(dap|lys|phe|thr|bioB|bioC|bioD|cre)-(3|5|M)(_|_x_|_s_)at)$|^(ChlorContig[0-9]{1,2}(_|_x_|_s_)at)$|^(((MitoContig|Contig)[0-9]{1,6})(_|_x_|_s_)at)$|^(D[0-9]{5}_at)$|^(Dhn[0-9]{2}\(Morex\)(_|_s_)at)$|^(E(Ban|Bca|Bed|Bem|Bes|Bma|Bpi|Bro)[0-9]{2}_SQ[0-9]{3}_[A-Z]{1}[0-9]{2}(_|_s_|_x_)at)$|^(Franka(_|_b_)3pri[0-9]{1,2}(_|_s_|_x_)at)$|^(HVSME[a-z]{1}[0-9]{4}[A-Z]{1}[0-9]{2}(r2|f)(_|_x_|_s_)at)$|^(HV_CEa[0-9]{4}[A-Z]{1}[0-9]{2}(r2|f)(_|_x_|_s_)at)$|^(H[A-Z]{1}[0-9]{2}[A-Z]{1}[0-9]{2}[ru](_|_x_|_s_)at)$|^(S[0-9]{10}[A-Z]{1}[0-9]{2}[A-Z]{1}[0-9]{1}(_|_x_|_s_)at)$|^((b|rb)(aak|aal|ags|ah|asd)[0-9]{1,2}[a-z]{1}[0-9]{2}(_|_x_|_s_)at)$|^(([0-9]{4,7})_(Reg|R)_([0-9]{2,4})-([0-9]{4}))$|^([0-9]{4,5}\.AF[0-9]{5})$|^(A[0-9]{5}\.[0-9]{1})$|^([A-Z]{2}[0-9]{6}|[A-Z]{2}[0-9]{6}\.1)$|^(AFFX-(BioB|BioC|BioDn|CreX|DapX|LysX|PheX|ThrX|TrpnX))$|^(AFFX-r2-(Bs|Ec|P1)-(dap|lys|phe|thr|bioB|bioC|bioD|cre))$|^(ChlorContig[0-9]{1,2})$|^((MitoContig|Contig)[0-9]{1,6})$|^(D[0-9]{5})$|^(Dhn[0-9]{2}\(Morex\))$|^(E(Ban|Bca|Bed|Bem|Bes|Bma|Bpi|Bro)[0-9]{2}_SQ[0-9]{3}_[A-Z]{1}[0-9]{2})$|^(Franka(_|_b_)3pri[0-9]{1,2})$|^(HVSME[a-z]{1}[0-9]{4}[A-Z]{1}[0-9]{2}(r2|f))$|^(HV_CEa[0-9]{4}[A-Z]{1}[0-9]{2}(r2|f))$|^(H[A-Z]{1}[0-9]{2}[A-Z]{1}[0-9]{2}[ru])$|^(S[0-9]{10}[A-Z]{1}[0-9]{2}[A-Z]{1}[0-9]{1})$|^((b|rb)(aak|aal|ags|ah|asd)[0-9]{1,2}[a-z]{1}[0-9]{2})$|^(HO)$|^(MLOC\.[0-9]{4,6}\.[0-9]{1,2})$|^(AK[0-9]{6}\.1)$|^(AJ[0-9]{6}\.1)$"
efp_brachypodium,^(Bradi\d+g\d+.\d)$|^(Bradi\d+s\d+.\d)$|^(Bradi\d+.g\d+)$
efp_brachypodium_metabolites,"(?i)^[a-z\s\-]{1,60}$"
efp_brassica_rapa,"^(Bra.\d+g\d{0,10})$"
efp_cacao_ccn,"^(CCN-51_Chr\d{1,3}v\d{1,3}_\d{1,9})$"
efp_cacao_sca,"^(SCA-6_Chr\d{1,3}v\d{1,3}_\d{1,9})$"
efp_cacao_tc,^(Tc\d+v2_g\d+)$
efp_camelina,"^(Csa\d{0,5}[gs]\d{0,6}.\d{0,3})$|^(At\d[cgm]\d{0,6})$"
efp_cannabis,(^C\d+$)|(^scaffold\d+$)|(^AGQN\d+$)
efp_canola,"^(Bna\D\d{1,3}g\d{1,8}\D)$|^(Bna\Dnng\d{1,8}\D)$"
efp_durum_wheat,"^(TrturSVE\d\D\d{1,3}G\d{1,12})$|^(TrturSVE\d\D\d{1,3}G\d{1,12}_ncBOCREA)$"
efp_euphorbia,"^(Ep_chr\d_g\d{1,8})$"
efp_eutrema,^(Thhalv\d{8}m\.g)$|^(XLOC_\d{6})$|^(nXLOC\d{6})$|^(At\dg\d{5})$
efp_grape,"^(VIT_\d{1,2}s\d{4}g\d{5})$|^CHRUN[a-z0-9_]{1,20}$|^CHR\d{1,2}[a-z0-9_]{1,2}$"
efp_human,"^(\d{6,7}(_[xsa])?_at)$|^(\D{0,12}\d{0,12})$|^(\d{1,12})$"
efp_kalanchoe,^(Kaladp\d+s\d+)$
efp_little_millet,^(TRINITY_DN\d+_c\d+_g\d+_i\d+)$
efp_lupin,"^(Luan_Oskar_.{1,12}_\d{1,12})$"
efp_maize,"^(AC[0-9]{6}\.[0-9]{1}_FG[0-9]{3})$|^(AC[0-9]{6}\.[0-9]{1}_FGT[0-9]{3})$|^(GRMZM(2|5)G[0-9]{6})$|^(GRMZM(2|5)G[0-9]{6}_T[0-9]{2})$|^(Zm\d+d\d+)$|^(Zm\d{1,10}eb\d{1,10})$|^(Zm\d{6}(_[xsa])?_at)$"
efp_maize_enzyme,"(?i)^[a-z0-9\s\-\(\)]{1,50}$"
efp_maize_lipid_map,"(?i)^[a-z0-9\s:;\/\[\]_\+\-]{1,64}$"
efp_maize_metabolite,"(?i)^[a-z0-9\s,\.\-\(\)_'\+]{1,60}$"
efp_maize_transcriptomics,"^(AC[0-9]{6}\.[0-9]{1}_FG[0-9]{3})$|^(AC[0-9]{6}\.[0-9]{1}_FGT[0-9]{3})$|^(GRMZM(2|5)G[0-9]{6})$|^(GRMZM(2|5)G[0-9]{6}_T[0-9]{2})$|^(Zm\d+d\d+)$|^(Zm\d{1,10}eb\d{1,10})$|^(Zm\d{6}(_[xsa])?_at)$"
efp_mangosteen,"^(DN\d{1,10})$"
efp_marchantia,"^(Mp.{1,3}g\d{1,7}\.?\d{1,3}?)$"
efp_medicago,"^(Medtr\d{1}g\d{6})$|^(Medtr\d{1}g\d{6}\.[0-9]{1})$|^(Mtr\.\d{4,5}\.\d+\.(S1|A1|S2)_(at|s_at|x_at|a_at))$|^(Msa\.\d+\.\d+\.(S1|A1|S2)_(at|s_at|x_at|a_at))$|^(Sme\.\d+\.\d+\.(S1|A1|S2)_(at|s_at|x_at|a_at))$|^(AFFX-(Bio|Cre|Dap|Lys|Phe|Thr|Trpn)(B|C|Dn|X)-(3|5|M)_at)$|^(AFFX-(Msa|Mtr)-(actin|gapc|gsta|ubq11|TrpnX)-(3|5|M)_(at|x_at|s_at))$|^(AFFX-r2-(Bs|Ec|P1)-(cre|dap|lys|phe|thr|bioB|bioC|bioD)-(3|5|M)_(at|s_at|x_at))$|^(AFFX-Mtr-ubq11-(3|5|M)_(at|s_at|x_at))$|^(AFFX-r2-Tag[A-Z]{1,2}_at)$|^(Medtr_v1_\d{6})$"
efp_oat,"(^N0\.HOG\d{1,10}$|^\D{1,10}\.*\d{1,10}.{1,10}\d{1,10}$)"
efp_phelipanche,"^(OrAeBC\d+_\d+\.\d{1,5})|(At\d[gcm]\d{1,6})$"
efp_physcomitrella,^(Pp)\d+s\d+_\d+V\d\.\d$|^Phypa_\d+$
efp_poplar,"^(Ptp(Affx)?\.\d{1,6}\.\d{1,6}\.(A1|A2|S1|S2)_(x_at|s_at|at|a_at))$|^((eugene3)\.\d{6,12})$|^((estExt_)(Genewise|fgenesh)(1|4)\_(v1|kg|pg|pm)(\.|\_v1\.)C_LG_\w{6,10})$|^((grail3\.)\d{8,12})$|^((fgenesh)(1|4)\_(kg|pg|pm)\.C\_(scaffold|LG)\_\w{7,12})$|^((gw1)\.\w{1,6}\.\w{1,4}\.1)$|^((POPTR)\_[0-9]{4}s[0-9]{5}\.*[1-5]{0,1})$|^(Potri\.[0-9]{3}G[0-9]{6}(\.[0-9]{1})?)$"
efp_potato,^(PGSC0003DMG4\d{8})$
efp_rice,"^(LOC_Os[0-9]{2}g[0-9]{5})$|^((AFFX|AFFX-Os)(-|_)(Ubiquitin|Actin|Cyph|Gapdh|BioB|BioC|BioDn|CreX|DapX|LysX|PheX|ThrX|TrpnX|ef1a|gapdh)(-|_)(3|5|M)_(at|x_at|s_at))$|^(AFFX-OS-(18SrRNA|25SrRNA|5\.8SrRNA)_(s_at|at))$|^((AFFX-Mgr-(actin|ef1a|gapdh)-(3|5|M))_(at|x_at|s_at))$|^(AFFX-r2-Tag(A|B|C|D|E|F|G|H)_at)$|^(AFFX-r2-Tag(IN|I|J|O|Q)-(3|5|M)_at)$|^((AFFX|AFFX-Os)-r2-(Bs|Ec|P1)-(dap|lys|phe|thr|bioB|bioC|bioD|cre)-(3|5|M)(_|_x_|_s_)at)$|^((Os|OsAffx)\.[0-9]{1,5}\.[0-9]{1}\.(S1|A1|S2)_(at|x_at|s_at|a_at))$"
efp_rice_metabolite,"(?i)^[a-z0-9,\s\.\-]{1,40}$"
efp_rice_transcriptomics,"^(LOC_Os[0-9]{2}g[0-9]{5})$|^((AFFX|AFFX-Os)(-|_)(Ubiquitin|Actin|Cyph|Gapdh|BioB|BioC|BioDn|CreX|DapX|LysX|PheX|ThrX|TrpnX|ef1a|gapdh)(-|_)(3|5|M)_(at|x_at|s_at))$|^(AFFX-OS-(18SrRNA|25SrRNA|5.8SrRNA)_(s_at|at))$|^((AFFX-Mgr-(actin|ef1a|gapdh)-(3|5|M))_(at|x_at|s_at))$|^(AFFX-r2-Tag(A|B|C|D|E|F|G|H)_at)$|^(AFFX-r2-Tag(IN|I|J|O|Q)-(3|5|M)_at)$|^((AFFX|AFFX-Os)-r2-(Bs|Ec|P1)-(dap|lys|phe|thr|bioB|bioC|bioD|cre)-(3|5|M)(_|_x_|_s_)at)$|^((Os|OsAffx)\.[0-9]{1,5}\.[0-9]{1}\.(S1|A1|S2)_(at|x_at|s_at|a_at))$"
efp_seedcoat,"^(At[12345CM]g[0-9]{5})$|^([0-9]{6}(_[xsfi])?_at)$|^([0-9]{6,9})$|^(\D\d+_\d+)$|^(At\d{8})$"
efp_selaginella,^(Smo\d+)$
efp_sorghum,"^(Sobic.\d{0,5}G\d{0,10}$|^Sobic.K\d{0,10}$|^ENSRNA\d{0,12}$|^SORBI_\d{1,6}G\d{1,10})$"
efp_soybean,"^((Glyma\d{1,3}g\d{1,6}\.?\d?)$|^(Glyma\.\d{1,3}g\d{1,8}))$"
efp_strawberry,"^(FvH4_c?\d{1,3}g\d{1,7})$|^(gene\d{1,10})$"
efp_striga,"^(StHeBC3\_\d+\.\d{1,5})$|^(At\d[gcm]\d{1,6})$"
efp_tomato,"^(Solyc\d{2}g\d{6}\.?\d{0,3})$|^(TU\d{6})$"
efp_tomato_trait,"^[A-Za-z][A-Za-z0-9\s\.,\-\(\)]{1,100}$"
efp_triphysaria,"^(TrVeBC\d+_\d+\.\d{1,5})$|^(At\d[gcm]\d{1,6})$"
efp_triticale,^((Ta|TaAffx)\.\d+\.\d+\.[A-Z]\d+_(at|s_at|x_at|a_at))$
efp_tung_tree,^(Vf\d+G\d+)$
efp_wheat,"^(TraesCS\d\D\d{0,2}[G]\d{0,6}L*C*\.*\d*)$|^(TraesCSU\d+G\d+L*C*\.*\d*)$"
efpbarley,"^((HM|HV).*)$|^(HV.*_at)$|^(([0-9]{4,7})_(Reg|R)_([0-9]{2,4})-([0-9]{4})_at)$|^([0-9]{4,5}\.AF[0-9]{5}(_|_x_)at)$|^(A[0-9]{5}\.[0-9]{1}(_|_x_|_s_)at)$|^(([A-Z]{2}[0-9]{6}|[A-Z]{2}[0-9]{6}\.1)(_|_x_|_s_|_CDS-[0-9]{1,2}_|_CDS-[0-9]{1,2}_s_)at)$|^(AFFX-(BioB|BioC|BioDn|CreX|DapX|LysX|PheX|ThrX|TrpnX)-(3|5|M)_at)$|^(AFFX-r2-(Bs|Ec|P1)-(dap|lys|phe|thr|bioB|bioC|bioD|cre)-(3|5|M)(_|_x_|_s_)at)$|^(ChlorContig[0-9]{1,2}(_|_x_|_s_)at)$|^(((MitoContig|Contig)[0-9]{1,6})(_|_x_|_s_)at)$|^(D[0-9]{5}_at)$|^(Dhn[0-9]{2}\(Morex\)(_|_s_)at)$|^(E(Ban|Bca|Bed|Bem|Bes|Bma|Bpi|Bro)[0-9]{2}_SQ[0-9]{3}_[A-Z]{1}[0-9]{2}(_|_s_|_x_)at)$|^(Franka(_|_b_)3pri[0-9]{1,2}(_|_s_|_x_)at)$|^(HVSME[a-z]{1}[0-9]{4}[A-Z]{1}[0-9]{2}(r2|f)(_|_x_|_s_)at)$|^(HV_CEa[0-9]{4}[A-Z]{1}[0-9]{2}(r2|f)(_|_x_|_s_)at)$|^(H[A-Z]{1}[0-9]{2}[A-Z]{1}[0-9]{2}[ru](_|_x_|_s_)at)$|^(S[0-9]{10}[A-Z]{1}[0-9]{2}[A-Z]{1}[0-9]{1}(_|_x_|_s_)at)$|^((b|rb)(aak|aal|ags|ah|asd)[0-9]{1,2}[a-z]{1}[0-9]{2}(_|_x_|_s_)at)$|^(([0-9]{4,7})_(Reg|R)_([0-9]{2,4})-([0-9]{4}))$|^([0-9]{4,5}\.AF[0-9]{5})$|^(A[0-9]{5}\.[0-9]{1})$|^([A-Z]{2}[0-9]{6}|[A-Z]{2}[0-9]{6}\.1)$|^(AFFX-(BioB|BioC|BioDn|CreX|DapX|LysX|PheX|ThrX|TrpnX))$|^(AFFX-r2-(Bs|Ec|P1)-(dap|lys|phe|thr|bioB|bioC|bioD|cre))$|^(ChlorContig[0-9]{1,2})$|^((MitoContig|Contig)[0-9]{1,6})$|^(D[0-9]{5})$|^(Dhn[0-9]{2}\(Morex\))$|^(E(Ban|Bca|Bed|Bem|Bes|Bma|Bpi|Bro)[0-9]{2}_SQ[0-9]{3}_[A-Z]{1}[0-9]{2})$|^(Franka(_|_b_)3pri[0-9]{1,2})$|^(HVSME[a-z]{1}[0-9]{4}[A-Z]{1}[0-9]{2}(r2|f))$|^(HV_CEa[0-9]{4}[A-Z]{1}[0-9]{2}(r2|f))$|^(H[A-Z]{1}[0-9]{2}[A-Z]{1}[0-9]{2}[ru])$|^(S[0-9]{10}[A-Z]{1}[0-9]{2}[A-Z]{1}[0-9]{1})$|^((b|rb)(aak|aal|ags|ah|asd)[0-9]{1,2}[a-z]{1}[0-9]{2})$|^(HO)$|^(MLOC\.[0-9]{4,6}\.[0-9]{1,2})$|^(AK[0-9]{6}\.1)$|^(AJ[0-9]{6}\.1)$"
efpconfig,".{0,16}"
efpmedicago,"^(Medtr\d{1}g\d{6})$|^(Medtr\d{1}g\d{6}\.[0-9]{1})$|^(Mtr\.\d{4,5}\.\d+\.(S1|A1|S2)_(at|s_at|x_at|a_at))$|^(Msa\.\d+\.\d+\.(S1|A1|S2)_(at|s_at|x_at|a_at))$|^(Sme\.\d+\.\d+\.(S1|A1|S2)_(at|s_at|x_at|a_at))$|^(AFFX-(Bio|Cre|Dap|Lys|Phe|Thr|Trpn)(B|C|Dn|X)-(3|5|M)_at)$|^(AFFX-(Msa|Mtr)-(actin|gapc|gsta|ubq11|TrpnX)-(3|5|M)_(at|x_at|s_at))$|^(AFFX-r2-(Bs|Ec|P1)-(cre|dap|lys|phe|thr|bioB|bioC|bioD)-(3|5|M)_(at|s_at|x_at))$|^(AFFX-Mtr-ubq11-(3|5|M)_(at|s_at|x_at))$|^(AFFX-r2-Tag[A-Z]{1,2}_at)$|^(Medtr_v1_\d{6})$"
efppop,"^(Ptp(Affx)?\.\d{1,6}\.\d{1,6}\.(A1|A2|S1|S2)_(x_at|s_at|at|a_at))$|^((eugene3)\.\d{6,12})$|^((estExt_)(Genewise|fgenesh)(1|4)\_(v1|kg|pg|pm)(\.|\_v1\.)C_LG_\w{6,10})$|^((grail3\.)\d{8,12})$|^((fgenesh)(1|4)\_(kg|pg|pm)\.C\_(scaffold|LG)\_\w{7,12})$|^((gw1)\.\w{1,6}\.\w{1,4}\.1)$|^((POPTR)\_[0-9]{4}s[0-9]{5}\.*[1-5]{0,1})$|^(Potri\.[0-9]{3}G[0-9]{6}(\.[0-9]{1})?)$"
efprice,"^(LOC_Os[0-9]{2}g[0-9]{5})$|^((AFFX|AFFX-Os)(-|_)(Ubiquitin|Actin|Cyph|Gapdh|BioB|BioC|BioDn|CreX|DapX|LysX|PheX|ThrX|TrpnX|ef1a|gapdh)(-|_)(3|5|M)_(at|x_at|s_at))$|^(AFFX-OS-(18SrRNA|25SrRNA|5\.8SrRNA)_(s_at|at))$|^((AFFX-Mgr-(actin|ef1a|gapdh)-(3|5|M))_(at|x_at|s_at))$|^(AFFX-r2-Tag(A|B|C|D|E|F|G|H)_at)$|^(AFFX-r2-Tag(IN|I|J|O|Q)-(3|5|M)_at)$|^((AFFX|AFFX-Os)-r2-(Bs|Ec|P1)-(dap|lys|phe|thr|bioB|bioC|bioD|cre)-(3|5|M)(_|_x_|_s_)at)$|^((Os|OsAffx)\.[0-9]{1,5}\.[0-9]{1}\.(S1|A1|S2)_(at|x_at|s_at|a_at))$"
efpsoybean,"^((Glyma\d{1,3}g\d{1,6}\.?\d?)$|^(Glyma\.\d{1,3}g\d{1,8}))$"
maizeefp,"^(AC[0-9]{6}\.[0-9]{1}_FG[0-9]{3})$|^(AC[0-9]{6}\.[0-9]{1}_FGT[0-9]{3})$|^(GRMZM(2|5)G[0-9]{6})$|^(GRMZM(2|5)G[0-9]{6}_T[0-9]{2})$|^(Zm\d+d\d+)$|^(Zm\d{1,10}eb\d{1,10})$|^(Zm\d{6}(_[xsa])?_at)$"
mouse_efp,"^(XM_\d{0,8}\.\d{0,3})$|^(\d{1,10}\D\d{0,4}\D{0,4})$|^(\D{1,8}\d{0,8}\D{0,8})$|^(ENSMUSG\d{1,15})$|^(NM_\d{0,12}\d.\d{0,3})$"
actinidia,^Acc\d{5}\.\d+$
apple,^MfusH1_\d{2}g\d{5}$
arabidopsgene_valid,^At[12345cm]g\d{5}.?\d?$
arachgene_valid,"^Adur\d{1,10}_comp\d{1,3}_\D{1,3}\d{1,3}_seq\d{1,5}$"
barley,^HORVU(\d+Hr\d+G\d+|\.MOREX\.r\d+\.(\dH|Un)G\d+(\.\d+)?)$
brachypodium,^Bradi\d+g\d+\.\d+$
brassica_rapa,"^(BraA.{1,4}g\d{1,9}|[A-Z]\d{2}[gp]\d+\.\d+_BraROA)$"
cacao,^((CCN-51|SCA-6)_Chr\d+v\d+_\d+|Tc\d+v\d+_g\d+)$
camelina,^Csa\d+[gs]\d+(\.\d+)?$
cannabgene_valid,"^AGQN\d{0,10}$"
canola,"^(Bna[AC]\d{2}g\d{5}[A-D]?|Bo[A-Z]+_?\d+g\d+\.\d+V\d+|Br(Chr\d{1,2}|BA_\d+)g\d{5}\.\d{2}V\d|Contig\d+)$"
cassava,^Manes\.\d{2}G\d+\.v\d+\.\d+$
cuscuta,^Cc\d+(\.t\d+)?$
eucalyptus,^Eucgr\.[A-Z]\d+$
euphorbia,^Ep_chr\d+_g\d+$
grape,"^(CHR(\d+|UN)_[A-Z]+\d+(_\d+)?_T\d+|VIT_\d{0,3}\D\d{0,5}g\d{0,6})$"
human,"^\d{1,10}$|^[A-Z][A-Z0-9]{1,9}(-\d{1,3})?$|^[A-Z]{2,4}\d{0,3}-\d{2,4}[A-Z]\d{1,3}\.\d{1,3}$|^A[CL]\d{6}\.\d{1,3}$"
kalanchoe,"^Kaladp\d{1,10}s\d{1,10}$"
little_millet,^TRINITY_DN\d+_c\d+_g\d+_i\d+$
lupin,^Luan_Oskar_(PB\d+|Trin)_\d+$
maize,^(AC[0-9]{6}\.[0-9]+_FGT?[0-9]{3}|GRMZM[25]G[0-9]{6}(_T[0-9]{2})?|Zm\d+(d|eb)\d+)$
mangosteen,^DN\d+$
marchantia,"^Mp\w{1,3}g\d+\.\d+$"
medicago,^(Medtr(\d+[gs]\d+|_v1_\d+)|MtrunA17Chr\dg\d+)$
mouse,^XM_\d+\.\d+$
oat,^AV[A-Z]{3}\.\d{5}[a-z]\.r\d+\.\d[A-Z]{2}\d{8}$
phelipanche,"^OrAeBC5_\d{1,6}\.\d{1,3}$"
physcomitrella,"^Pp1s\d{1,8}_\d{1,8}V6\.\d{1,3}$"
poplar,"^POTRI\.(\d{3}G\d{6}\.?\d{0,3}|T\d{6})$"
potato,^(PGSC0003DMG\d+|EPlSTUG\d+)$
quinoa,^CquiG\d+$
rice,"^LOC_Os\d{2}g\d{5}\.\d{1,2}$|^LOC_Os\d{2}g\d{5}$|^Os\d{2}g\d+$"
selaginella,"^Smo\d{1,8}$"
sorghum,^(Sobic\.\d+G\d+(\.\d+)?|Sobic\.K\d+|SORBI_\d+G\d+|ENSRNA\d+)$
soybean,"^((Glyma\d{1,3}g\d{1,6}\.?\d?)|(Glyma\.\d{1,3}g\d{1,8}))$"
spruce,"^(GQ|WS)\d{4,5}_[A-Z]\d{2}\.\d+$"
strawberry,"^FvH4_\d{1,3}g\d{1,8}$"
striga,"^StHeBC3_\d{1,6}\.\d{1,5}$"
sugarcane,^(Sh\d+_g\d+|Sh_[A-Z0-9]+(_contig-\d+)?_g\d+)$
sunflower,^Ha\d+_\d+$
thellungiella,^Thhalv\d+m\.g$|^nXLOC_\d+$
tomato,^Solyc\d\dg\d{6}\.\d\.\d$|^Solyc\d\dg\d{6}(\.\d+)?$
triphysaria,"^TrVeBC3_\d{1,6}\.\d{1,3}$"
tung_tree,^Vf\d+G\d+$
wheat,^(TraesCS[0-9A-Z]+(\.\d+)?|TrturSVE[0-9A-Z]+G\d+)$
willow,^comp\d+_c\d+_seq\d+$
