database,source,in_master_list,has_species_mapping,has_efp_project_override,n_samples,n_pass,n_fail,looks_like_probeset,failing_ids
actinidia_bud_development,efp,True,True,False,30,30,0,False,
actinidia_flower_fruit_development,efp,True,True,False,30,30,0,False,
actinidia_postharvest,efp,True,True,False,30,30,0,False,
actinidia_vegetative_growth,efp,True,True,False,30,30,0,False,
affydb,legacy_not_in_dropdown,False,True,True,30,30,0,True,
apple,efp,True,True,False,30,30,0,False,
arabidopsis_ecotypes,efp,True,True,True,30,30,0,True,
arachis,efp,True,True,True,30,30,0,False,
atgenexp,efp,True,True,True,30,30,0,True,
atgenexp_hormone,both,True,True,True,30,30,0,True,
atgenexp_pathogen,both,True,True,True,30,30,0,True,
atgenexp_plus,both,True,True,True,30,30,0,True,
atgenexp_stress,both,True,True,True,30,30,0,True,
barley_mas,efp,True,True,True,30,30,0,True,
barley_rma,efp,True,True,True,30,30,0,True,
barley_seed,eplant,True,True,False,30,30,0,False,
barley_spike_meristem,eplant,True,True,False,30,30,0,False,
barley_spike_meristem_v3,eplant,True,True,False,30,30,0,False,
brachypodium,efp,True,True,False,30,30,0,False,
brachypodium_Bd21,efp,True,True,False,30,30,0,False,
brachypodium_embryogenesis,legacy_not_in_dropdown,False,True,False,30,30,0,False,
brachypodium_grains,efp,True,True,False,30,30,0,False,
brachypodium_metabolites_map,efp,True,True,True,20,20,0,False,
brachypodium_photo_thermocycle,efp,True,True,False,30,30,0,False,
brassica_rapa,efp,True,True,False,30,30,0,False,
brassica_rapa_developmental_atlas,legacy_not_in_dropdown,False,True,False,30,30,0,False,
cacao_developmental_atlas,efp,True,True,False,30,30,0,False,
cacao_developmental_atlas_sca,efp,True,True,False,30,30,0,False,
cacao_drought_diurnal_atlas,efp,True,True,False,30,30,0,False,
cacao_drought_diurnal_atlas_sca,efp,True,True,False,30,30,0,False,
cacao_infection,efp,True,True,False,30,30,0,False,
cacao_leaf,efp,True,True,False,30,30,0,False,
cacao_meristem_atlas_sca,efp,True,True,False,30,30,0,False,
cacao_seed_atlas_sca,efp,True,True,False,30,30,0,False,
camelina,both,True,True,False,30,30,0,False,
camelina_tpm,efp,True,True,False,30,30,0,False,
cannabis,both,True,True,False,30,30,0,False,
canola,legacy_not_in_dropdown,False,True,False,30,30,0,False,
canola_original,legacy_not_in_dropdown,False,True,False,30,30,0,False,
canola_original_v2,legacy_not_in_dropdown,False,True,False,30,30,0,False,
canola_seed,efp,True,True,True,30,30,0,False,
cassava_atlas,legacy_not_in_dropdown,False,True,False,30,30,0,False,
cassava_cbb,legacy_not_in_dropdown,False,True,False,30,30,0,False,
cassava_eacmv,legacy_not_in_dropdown,False,True,False,30,30,0,False,
circadian_mutants,legacy_not_in_dropdown,False,True,False,30,30,0,False,
cuscuta,legacy_not_in_dropdown,False,True,False,30,30,0,False,
cuscuta_early_haustoriogenesis,legacy_not_in_dropdown,False,True,False,30,30,0,False,
cuscuta_lmd,legacy_not_in_dropdown,False,True,False,30,30,0,False,
dna_damage,both,True,True,False,30,30,0,False,
durum_wheat_abiotic_stress,efp,True,True,False,30,30,0,False,
durum_wheat_biotic_stress,efp,True,True,False,30,30,0,False,
durum_wheat_development,efp,True,True,False,30,30,0,False,
embryo,efp,True,True,False,30,30,0,False,
eucalyptus,eplant,True,True,False,30,30,0,False,
euphorbia,efp,True,True,False,30,30,0,False,
gc_drought,eplant,True,True,False,30,30,0,False,
germination,both,True,True,False,30,30,0,False,
grape_developmental,efp,True,True,False,30,30,0,False,
guard_cell,both,True,True,True,30,30,0,True,
gynoecium,efp,True,True,False,30,30,0,False,
heterodera_schachtii,eplant,True,True,False,30,30,0,False,
hnahal,legacy_not_in_dropdown,False,True,True,30,30,0,True,
human_body_map_2,efp,True,True,False,30,30,0,False,
human_developmental,efp,True,True,True,30,30,0,True,
human_developmental_SpongeLab,legacy_not_in_dropdown,False,True,True,11,11,0,True,
human_diseased,legacy_not_in_dropdown,False,True,True,30,30,0,True,
kalanchoe,efp,True,True,False,30,30,0,False,
kalanchoe_time_course_analysis,legacy_not_in_dropdown,False,True,False,30,30,0,False,
klepikova,both,True,True,False,30,30,0,False,
lateral_root_initiation,efp,True,True,True,30,30,0,True,
light_series,efp,True,True,True,30,30,0,True,
lipid_map,efp,True,True,True,30,30,0,False,
little_millet,efp,True,True,False,30,30,0,False,
lupin_lcm_leaf,efp,True,True,False,30,30,0,False,
lupin_lcm_pod,efp,True,True,False,30,30,0,False,
lupin_lcm_stem,efp,True,True,False,30,30,0,False,
lupin_pod_seed,legacy_not_in_dropdown,False,True,False,30,30,0,False,
lupin_whole_plant,efp,True,True,False,30,30,0,False,
maize_RMA_linear,both,True,True,False,30,30,0,False,
maize_RMA_log,legacy_not_in_dropdown,False,True,False,30,30,0,False,
maize_atlas,legacy_not_in_dropdown,False,True,False,30,30,0,False,
maize_atlas_v5,efp,True,True,False,30,30,0,False,
maize_buell_lab,efp,True,True,False,30,30,0,False,
maize_early_seed,efp,True,True,False,30,30,0,False,
maize_ears,both,True,True,False,30,30,0,False,
maize_embryonic_leaf_development,efp,True,True,False,30,30,0,False,
maize_enzyme,efp,True,True,True,17,17,0,False,
maize_gdowns,both,True,True,True,30,30,0,True,
maize_iplant,both,True,True,False,30,30,0,False,
maize_kernel_v5,efp,True,True,False,30,30,0,False,
maize_leaf_gradient,both,True,True,False,30,30,0,False,
maize_lipid_map,legacy_not_in_dropdown,False,True,True,28,28,0,False,
maize_metabolite,efp,True,True,True,26,26,0,False,
maize_nitrogen_use_efficiency,legacy_not_in_dropdown,False,True,False,30,30,0,False,
maize_rice_comparison,efp,True,True,False,30,30,0,False,
maize_root,both,True,True,False,30,30,0,False,
maize_stress_v5,efp,True,True,False,30,30,0,False,
mangosteen_aril_vs_rind,efp,True,True,False,30,30,0,False,
mangosteen_callus,efp,True,True,False,30,30,0,False,
mangosteen_diseased_vs_normal,efp,True,True,False,30,30,0,False,
mangosteen_fruit_ripening,efp,True,True,False,30,30,0,False,
mangosteen_seed_development,efp,True,True,False,30,30,0,False,
mangosteen_seed_development_germination,legacy_not_in_dropdown,False,True,False,30,30,0,False,
mangosteen_seed_germination,efp,True,True,False,30,30,0,False,
marchantia_organ_stress,efp,True,True,False,30,30,0,False,
medicago_mas,both,True,True,True,30,30,0,True,
medicago_rma,efp,True,True,True,30,30,0,True,
medicago_root,eplant,True,True,False,30,30,0,False,
medicago_root_v5,legacy_not_in_dropdown,False,True,False,30,30,0,False,
medicago_seed,both,True,True,False,30,30,0,False,
meristem_db,efp,True,True,True,30,30,0,True,
meristem_db_new,legacy_not_in_dropdown,False,True,True,30,30,0,True,
mouse_db,efp,True,True,False,30,30,0,False,
oat,efp,True,True,False,30,30,0,False,
phelipanche,efp,True,True,False,30,30,0,False,
physcomitrella_db,efp,True,True,True,30,30,0,False,
poplar,both,True,True,True,30,30,0,True,
poplar_hormone,legacy_not_in_dropdown,False,True,True,30,30,0,False,
poplar_leaf,eplant,True,True,False,30,30,0,False,
poplar_xylem,eplant,True,True,False,30,30,0,False,
potato_dev,both,True,True,False,30,30,0,False,
potato_stress,both,True,True,False,30,30,0,False,
potato_wounding,legacy_not_in_dropdown,False,True,False,30,30,0,False,
quinoa_nutrient,legacy_not_in_dropdown,False,True,False,30,30,0,False,
rice_abiotic_stress_sc_pseudobulk,efp,True,True,False,30,30,0,False,
rice_drought_heat_stress,efp,True,True,False,30,30,0,False,
rice_leaf_gradient,both,True,True,False,30,30,0,False,
rice_maize_comparison,efp,True,True,False,30,30,0,False,
rice_mas,both,True,True,True,30,30,0,True,
rice_metabolite,efp,True,True,True,20,20,0,False,
rice_rma,efp,True,True,True,30,30,0,True,
rice_root,eplant,True,True,False,30,30,0,False,
rohan,legacy_not_in_dropdown,False,True,True,30,30,0,True,
root,both,True,True,True,30,30,0,True,
root_Schaefer_lab,eplant,True,True,False,29,29,0,False,
rpatel,legacy_not_in_dropdown,False,True,True,29,29,0,True,
seed_db,efp,True,True,True,30,30,0,True,
seedcoat,efp,True,True,True,30,29,1,True,Print control plate
selaginella,efp,True,True,False,30,30,0,False,
shoot_apex,both,True,True,False,30,30,0,False,
silique,efp,True,True,False,30,30,0,False,
single_cell,both,True,True,False,30,30,0,False,
sorghum_atlas_w_BS_cells,efp,True,True,False,30,30,0,False,
sorghum_comparative_transcriptomics,legacy_not_in_dropdown,False,True,False,30,30,0,False,
sorghum_developmental,efp,True,True,False,30,30,0,False,
sorghum_developmental_2,legacy_not_in_dropdown,False,True,False,30,30,0,False,
sorghum_flowering_activation,efp,True,True,False,30,30,0,False,
sorghum_low_phosphorus,efp,True,True,False,30,30,0,False,
sorghum_nitrogen_stress,legacy_not_in_dropdown,False,True,False,30,30,0,False,
sorghum_nitrogen_use_efficiency,legacy_not_in_dropdown,False,True,False,30,30,0,False,
sorghum_phosphate_stress,efp,True,True,False,30,30,0,False,
sorghum_plasma,legacy_not_in_dropdown,False,True,False,30,30,0,False,
sorghum_saline_alkali_stress,efp,True,True,False,30,30,0,False,
sorghum_stress,efp,True,True,False,30,30,0,False,
sorghum_strigolactone_variation,efp,True,True,False,30,30,0,False,
sorghum_sulfur_stress,efp,True,True,False,30,30,0,False,
sorghum_temperature_stress,legacy_not_in_dropdown,False,True,False,30,30,0,False,
sorghum_vascularization_and_internode,efp,True,True,False,30,30,0,False,
soybean,both,True,True,False,30,30,0,False,
soybean_embryonic_development,efp,True,True,False,30,30,0,False,
soybean_heart_cotyledon_globular,efp,True,True,False,30,30,0,False,
soybean_senescence,efp,True,True,False,30,30,0,False,
soybean_severin,both,True,True,False,30,30,0,False,
spruce,legacy_not_in_dropdown,False,True,False,30,30,0,False,
strawberry,efp,True,True,False,30,30,0,False,
striga,efp,True,True,False,30,30,0,False,
sugarcane_culms,eplant,True,True,False,30,30,0,False,
sugarcane_leaf,eplant,True,True,False,30,30,0,False,
sunflower,eplant,True,True,False,30,30,0,False,
thellungiella_db,efp,True,True,True,30,30,0,False,
tomato,efp,True,True,True,30,30,0,False,
tomato_ils,both,True,True,False,30,30,0,False,
tomato_ils2,both,True,True,False,30,30,0,False,
tomato_ils3,legacy_not_in_dropdown,False,True,False,30,30,0,False,
tomato_meristem,efp,True,True,False,30,30,0,False,
tomato_renormalized,both,True,True,True,30,30,0,False,
tomato_root,eplant,True,True,False,30,30,0,False,
tomato_root_field_pot,eplant,True,True,False,30,30,0,False,
tomato_s_pennellii,both,True,True,False,30,30,0,False,
tomato_seed,efp,True,True,False,30,30,0,False,
tomato_shade_mutants,efp,True,True,False,30,30,0,False,
tomato_shade_timecourse,efp,True,True,False,30,30,0,False,
tomato_trait,legacy_not_in_dropdown,False,True,True,16,16,0,False,
triphysaria,efp,True,True,False,30,30,0,False,
triticale,efp,True,True,True,30,30,0,True,
triticale_mas,efp,True,True,True,30,30,0,True,
tung_tree,efp,True,True,False,30,30,0,False,
wheat,both,True,True,False,30,30,0,False,
wheat_abiotic_stress,efp,True,True,False,30,30,0,False,
wheat_embryogenesis,efp,True,True,False,30,30,0,False,
wheat_meiosis,efp,True,True,False,30,30,0,False,
wheat_root,legacy_not_in_dropdown,False,True,False,30,30,0,False,
willow,legacy_not_in_dropdown,False,True,False,30,30,0,False,
