efp_project,regex
efp,"^([Aa][Tt][12345CM][Gg][0-9]{5}(\.[0-9]+)?)$|^([0-9]{6}(_[xsfi])?_at)$|^([0-9]{6,9})$|^(AFFX-[A-Za-z0-9_-]+(_|_x_|_s_)?at)$"
efp_Eutrema,^(Thhalv[0-9]{8}m\.g)$|^(XLOC_[0-9]{6})$|^(nXLOC_[0-9]{6})$|^(At[0-9]g[0-9]{5})$
efp_actinidia,"^(Acc\d+\.\d{0,3})$"
efp_apple,"^(MfusH1_\d\dg\d{1,8})$"
efp_arabidopsis,"^([Aa][Tt][12345CM][Gg][0-9]{5}(\.[0-9]+)?)$|^([0-9]{6}(_[xsfi])?_at)$|^([0-9]{6,9})$|^(AFFX-[A-Za-z0-9_-]+(_|_x_|_s_)?at)$"
efp_arabidopsis_lipid,"(?i)^[a-z0-9\s:;\/\[\]_\+\-]{1,64}$"
efp_arachis,^(Adur\d+_comp\d+_c\d+_seq\d+)$|^(Gyn_Aipa_c\d+_g\d+_i\d+)$|^(Aipa\d+_comp\d+_c\d+_seq\d+)$|^(Gyn_Adur_c\d+_g\d+_i\d+)$
efp_barley,"^((HM|HV).*)$|^(HORVU[\w.]+)$|^(MLOC\.[0-9]{4,6}\.[0-9]{1,2})$|^(A[JK][0-9]{6}\.[0-9])$|^([0-9-]+_(Reg|R)_[0-9-]+(_x_|_s_|_)?at)$|^([0-9-]+\.AF[0-9]+(_x_|_s_|_)?at)$|^(A[0-9]{5}\.[0-9](_x_|_s_|_)?at)$|^([A-Z]{2}[0-9]{6}(\.[0-9])?(_CDS-[0-9]{1,2})?(_x_|_s_|_)?at)$|^(AFFX-[A-Za-z0-9_/-]+(_x_|_s_|_)?at)$|^((Chlor|Mito)?Contig[0-9]{1,6}(_(3|5|M))?(_x_|_s_|_)?at)$|^(D[0-9]{5}(_x_|_s_|_)?at)$|^(Dhn[0-9]{2}\(Morex\)(_x_|_s_|_)?at)$|^(E[A-Za-z]{3}[0-9]{2}_SQ[0-9]{3}_[A-Z][0-9]{2}[a-z]?(_x_|_s_|_)?at)$|^(Franka(_b_|_)3pri[0-9]{1,2}(_x_|_s_|_)?at)$|^(H[A-Z][0-9]{1,4}[A-Z][0-9]{1,2}[a-z]?(_x_|_s_|_)?at)$|^(Mla[A-Za-z0-9_-]+at)$|^(S[0-9]{10}[A-Z][0-9]{2}[A-Z][0-9](_x_|_s_|_)?at)$|^((b|rb)(aak|aal|ags|ah|asd)[0-9]{1,2}[a-z][0-9]{2}(_x_|_s_|_)?at)$|^(HO)$"
efp_brachypodium,^(Bradi[0-9]+g[0-9]+(\.[0-9]+)?)$|^(Bradi[0-9]+s[0-9]+(\.[0-9]+)?)$|^(Bradi[0-9]+\.g[0-9]+)$
efp_brachypodium_metabolites,"(?i)^[a-z\s\-]{1,60}$"
efp_brassica_rapa,"^(Bra.\d+g\d{0,10})$|^(Bra[AC]nng\d+)$"
efp_cacao_ccn,"^(CCN-51_Chr\d{1,3}v\d{1,3}_\d{1,9})$"
efp_cacao_sca,"^(SCA-6_Chr\d{1,3}v\d{1,3}_\d{1,9})$"
efp_cacao_tc,^(Tc([0-9]+|Un)v2_g[0-9]+)$
efp_camelina,"^(Csa\d{0,5}[gs]\d{0,6}.\d{0,3})$|^(At\d[cgm]\d{0,6})$"
efp_cannabis,(^C\d+$)|(^scaffold\d+$)|(^AGQN\d+$)
efp_canola,"^(Bna([A-C][0-9]{2}|[A-C]nn|Unn)g[0-9]{1,8}[A-Z]?)$|^(BoC[0-9]+g[0-9]+\.[0-9]+V[0-9])$|^(BrChr[0-9]+g[0-9]+\.[0-9]+V[0-9])$|^(Contig[0-9]+)$"
efp_durum_wheat,"^(TrturSVE[A-Za-z0-9]{1,6}G[0-9]{1,12}(_[A-Za-z]+)?)$"
efp_eucalyptus,^(Eucgr\.[A-Za-z][0-9]{5}(\.[0-9]+)?)$|^(Eucgr\.[A-Za-z0-9._-]+)$
efp_euphorbia,"^(Ep_chr\d_g\d{1,8})$"
efp_eutrema,^(Thhalv[0-9]{8}m\.g)$|^(XLOC_[0-9]{6})$|^(nXLOC_[0-9]{6})$|^(At[0-9]g[0-9]{5})$
efp_grape,^(CHR|VIT_|CHRUN)
efp_human,"^([0-9]{1,7}(_[a-z])?_at)$|^(gnf1h[0-9]{5}(_[a-z])?_at)$|^(ENSG[0-9]{11}(\.[0-9]+)?)$|^([NX][MR]_[0-9]+(\.[0-9]+)?)$|^([0-9]{1,10})$|^(AFFX[-_][\w./-]+at)$|^([A-Za-z0-9][A-Za-z0-9._-]{0,39})$"
efp_kalanchoe,^(Kaladp\d+s\d+)$
efp_little_millet,^(TRINITY_DN\d+_c\d+_g\d+_i\d+)$
efp_lupin,"^(Luan_Oskar_.{1,12}_\d{1,12})$"
efp_maize,"^([A-Z]{2}[0-9]{6}\.[0-9]{1,2}_FGT?[0-9]{3})$|^(GRMZM(2|5)G[0-9]{6}(_T[0-9]{2})?)$|^(Zm[0-9]+d[0-9]+)$|^(Zm[0-9]{1,10}eb[0-9]{1,10})$|^([A-Z]{2}[0-9]{6}(\.[0-9])?(_(a|s|x|f|i))?_at)$|^(Ctrl_[A-Za-z0-9._-]+_at)$|^(AFFX[-_][\w./-]+at)$|^(Zm[0-9]{6}(_[xsa])?_at)$"
efp_maize_enzyme,"(?i)^[a-z0-9\s\-\(\)]{1,50}$"
efp_maize_lipid_map,"(?i)^[a-z0-9\s:;\/\[\]_\+\-]{1,64}$"
efp_maize_metabolite,"(?i)^[a-z0-9\s,\.\-\(\)_'\+/]{1,80}$"
efp_maize_transcriptomics,"^([A-Z]{2}[0-9]{6}\.[0-9]{1,2}_FGT?[0-9]{3})$|^(GRMZM(2|5)G[0-9]{6}(_T[0-9]{2})?)$|^(Zm[0-9]+d[0-9]+)$|^(Zm[0-9]{1,10}eb[0-9]{1,10})$|^(Zm[0-9]{6}(_[xsa])?_at)$"
efp_mangosteen,"^(DN\d{1,10})$"
efp_marchantia,"^(Mp[A-Za-z]?g[0-9]{1,7}\.[0-9]{1,3})$|^(Mp[A-Za-z]?[0-9]+g[0-9]+\.[0-9]+)$"
efp_medicago,"^(Medtr[0-9]g[0-9]{6}(\.[0-9]+)?)$|^(Medtr[0-9]{4}s[0-9]{4})$|^((Mtr|Msa|Sme)(Affx)?\.[0-9]+\.[0-9]+\.[SA][0-9](_(a|s|x)_at|_at))$|^(RPTR-[A-Za-z]{2,3}-[A-Za-z0-9._-]+(_(a|s|x)_at|_at))$|^(AFFX[-_][\w./-]+at)$|^(Medtr_v1_[0-9]{6})$"
efp_oat,"(^N0\.HOG\d{1,10}$|^\D{1,10}\.*\d{1,10}.{1,10}\d{1,10}$)"
efp_phelipanche,"^(OrAeBC\d+_\d+\.\d+)$|^(OrAeBC\d+_\d+)$|^(At\d[gcm]\d{1,6})$"
efp_physcomitrella,^(Pp)\d+s\d+_\d+V\d\.\d$|^Phypa_\d+$
efp_poplar,^(Potri\.([0-9]{3}G|T)[0-9]{6}(\.[0-9]+)?)$|^(POPTR_[0-9]{4}s[0-9]{5}(\.[1-5])?)$|^(Ptp(Affx)?\.[0-9]+\.[0-9]+\.(A1|A2|S1|S2)_(x_at|s_at|at|a_at))$|^(AFFX[-_][\w./-]+at)$
efp_potato,^(PGSC0003DMG4\d{8})$
efp_rice,"^(LOC_Os[0-9]{2}g[0-9]{5})$|^(Os[0-9]{2}g[0-9]{7})$|^(Chr(Sy|Un)\.fgenesh\.gene\.[0-9]+)$|^((Os|OsAffx)\.[0-9]+\.[0-9]+\.[SA][0-9](_(a|s|x)_at|_at))$|^(RPTR-[A-Za-z]{2,3}-[A-Za-z0-9._-]+(_(a|s|x)_at|_at))$|^(AFFX[-_][\w./-]+at)$"
efp_rice_metabolite,"(?i)^[a-z0-9,\s\.\-]{1,40}$"
efp_rice_transcriptomics,^(LOC_Os[0-9]{2}g[0-9]{5})$|^(Os[0-9]{2}g[0-9]{7})$|^(Chr(Sy|Un)\.fgenesh\.gene\.[0-9]+)$|^((Os|OsAffx)\.[0-9]+\.[0-9]+\.[SA][0-9]_(a_)?(at|x_at|s_at))$
efp_seedcoat,"^(At[12345CM]g[0-9]{5}(\.[0-9]+)?)$|^([0-9]{6}(_[xsfi])?_at)$|^([0-9]{6,9})$|^(\D[0-9]+_[0-9]+)$|^(At[0-9]{8})$|^(Alien[0-9]{1,2})$|^(atc[0-9]{2})$|^(3xSSC)$"
efp_selaginella,^(Smo\d+)$
efp_sorghum,"^(Sobic\.[A-Z]?[0-9]{1,5}G[0-9]{1,10}(\.[0-9]+)?)$|^(Sobic\.K[0-9]{1,10}(\.[0-9]+)?)$|^(SORBI_[0-9]{1,6}G[0-9]{1,10})$|^(ENSRNA[0-9]{1,12})$"
efp_soybean,"^(Glyma[0-9]{1,3}g[0-9]{1,6}(\.[0-9]+)?)$|^(Glyma\.[0-9]{1,3}g[0-9]{1,8}(\.[0-9]+)?)$|^(Glyma[0-9]{4}s[0-9]{2,5}(\.[0-9]+)?)$"
efp_strawberry,"^(FvH4_c?\d{1,3}g\d{1,7})$|^(gene\d{1,10})$"
efp_striga,"^(StHeBC3\_\d+\.\d{1,5})$|^(At\d[gcm]\d{1,6})$"
efp_sugarcane,"^(S[a-zA-Z]{1,4}[A-Za-z0-9._-]{2,40})$"
efp_sunflower,"^(Ha(n)?[A-Za-z0-9._-]{3,40})$|^(Ha412[A-Za-z0-9._-]+)$"
efp_tomato,"^(Solyc[0-9]{2}g[0-9]{6}(\.[0-9]+){0,2})$|^(TU[0-9]{6})$"
efp_tomato_trait,"^[A-Za-z][A-Za-z0-9\s\.,\-\(\)]{1,100}$"
efp_triphysaria,"^(TrVeBC\d+_\d+\.\d{1,5})$|^(At\d[gcm]\d{1,6})$"
efp_triticale,^((Ta|TaAffx)\.[0-9]+\.[0-9]+\.[A-Z][0-9]+(_(a|s|x)_at|_at))$|^(AFFX[-_][\w./-]+at)$
efp_tung_tree,^(Vf\d+G\d+)$
efp_wheat,"^(TraesCS\d\D\d{0,2}[G]\d{0,6}L*C*\.*\d*)$|^(TraesCSU\d+G\d+L*C*\.*\d*)$"
efpconfig,".{0,16}"
mouse_efp,"^(X[MR]_[0-9]{1,9}(\.[0-9]{1,3})?)$|^(N[MR]_[0-9]{1,9}(\.[0-9]{1,3})?)$|^(ENSMUSG[0-9]{1,15})$|^(MGI:[0-9]{1,10})$|^([A-Za-z0-9][A-Za-z0-9._-]{0,39})$"
