db,species,platform,source,in_dropdown,regex_project,resolved_via,efp_frontends,eplant_frontends,n_frontends,n_views,views,regex
actinidia_bud_development,actinidia,rna_seq,efp,yes,efp_actinidia,efp-frontend,efp_actinidia,,1,1,efp_actinidia: Bud Development,"^(Acc\d+\.\d{0,3})$"
actinidia_flower_fruit_development,actinidia,rna_seq,efp,yes,efp_actinidia,efp-frontend,efp_actinidia,,1,1,efp_actinidia: Flower Fruit Development,"^(Acc\d+\.\d{0,3})$"
actinidia_postharvest,actinidia,rna_seq,efp,yes,efp_actinidia,efp-frontend,efp_actinidia,,1,1,efp_actinidia: Postharvest,"^(Acc\d+\.\d{0,3})$"
actinidia_vegetative_growth,actinidia,rna_seq,efp,yes,efp_actinidia,efp-frontend,efp_actinidia,,1,1,efp_actinidia: Vegetative Growth,"^(Acc\d+\.\d{0,3})$"
apple,apple,rna_seq,efp,yes,efp_apple,efp-frontend,efp_apple,,1,1,efp_apple: Developmental Map,"^(MfusH1_\d\dg\d{1,8})$"
affydb,arabidopsis,microarray,legacy_not_in_dropdown,no,efp_arabidopsis,species-fallback,,,0,0,,"^([Aa][Tt][12345CM][Gg][0-9]{5}(\.[0-9]+)?)$|^([0-9]{6}(_[xsfi])?_at)$|^([0-9]{6,9})$|^(AFFX-[A-Za-z0-9_-]+(_|_x_|_s_)?at)$"
arabidopsis_ecotypes,arabidopsis,microarray,efp,yes,efp_arabidopsis,efp-frontend,efp_arabidopsis,,1,1,efp_arabidopsis: Natural Variation,"^([Aa][Tt][12345CM][Gg][0-9]{5}(\.[0-9]+)?)$|^([0-9]{6}(_[xsfi])?_at)$|^([0-9]{6,9})$|^(AFFX-[A-Za-z0-9_-]+(_|_x_|_s_)?at)$"
atgenexp,arabidopsis,microarray,efp,yes,efp_arabidopsis,efp-frontend,efp_arabidopsis,,1,1,efp_arabidopsis: Development RMA,"^([Aa][Tt][12345CM][Gg][0-9]{5}(\.[0-9]+)?)$|^([0-9]{6}(_[xsfi])?_at)$|^([0-9]{6,9})$|^(AFFX-[A-Za-z0-9_-]+(_|_x_|_s_)?at)$"
atgenexp_hormone,arabidopsis,microarray,both,yes,efp_arabidopsis,efp-frontend,efp_arabidopsis,eplant_arabidopsis,2,3,"efp_arabidopsis: Chemical, Hormone | eplant_arabidopsis: Chemical","^([Aa][Tt][12345CM][Gg][0-9]{5}(\.[0-9]+)?)$|^([0-9]{6}(_[xsfi])?_at)$|^([0-9]{6,9})$|^(AFFX-[A-Za-z0-9_-]+(_|_x_|_s_)?at)$"
atgenexp_pathogen,arabidopsis,microarray,both,yes,efp_arabidopsis,efp-frontend,efp_arabidopsis,eplant_arabidopsis,2,10,"efp_arabidopsis: Biotic Stress, Biotic Stress II | eplant_arabidopsis: Biotic Stress Botrytis cinerea, Biotic Stress Elicitors, Biotic Stress Erysiphe orontii, Biotic Stress Hyaloperonospora arabidopsidis, Biotic Stress Myzus persicaere, Biotic Stress Phytophthora infestans, Biotic Stress Pseudomonas syringae, Biotic Stress Golovinomyces orontii","^([Aa][Tt][12345CM][Gg][0-9]{5}(\.[0-9]+)?)$|^([0-9]{6}(_[xsfi])?_at)$|^([0-9]{6,9})$|^(AFFX-[A-Za-z0-9_-]+(_|_x_|_s_)?at)$"
atgenexp_plus,arabidopsis,microarray,both,yes,efp_arabidopsis,efp-frontend,efp_arabidopsis,eplant_arabidopsis,2,13,"efp_arabidopsis: Developmental Map, Developmental Mutants, Tissue Specific | eplant_arabidopsis: Tissue Specific Embryo Development, Tissue Specific Guard And Mesophyll Cells, Tissue Specific Microgametogenesis, Tissue Specific Pollen Germination, Tissue Specific Shoot Apical Meristem, Tissue Specific Stem Epidermis, Tissue Specific Stigma And Ovaries, Tissue Specific Trichomes, Tissue Specific Xylem And Cork, AtGenExpress","^([Aa][Tt][12345CM][Gg][0-9]{5}(\.[0-9]+)?)$|^([0-9]{6}(_[xsfi])?_at)$|^([0-9]{6,9})$|^(AFFX-[A-Za-z0-9_-]+(_|_x_|_s_)?at)$"
atgenexp_stress,arabidopsis,microarray,both,yes,efp_arabidopsis,efp-frontend,efp_arabidopsis,eplant_arabidopsis,2,4,"efp_arabidopsis: Abiotic Stress, Abiotic Stress II | eplant_arabidopsis: Abiotic Stress, Abiotic Stress II","^([Aa][Tt][12345CM][Gg][0-9]{5}(\.[0-9]+)?)$|^([0-9]{6}(_[xsfi])?_at)$|^([0-9]{6,9})$|^(AFFX-[A-Za-z0-9_-]+(_|_x_|_s_)?at)$"
circadian_mutants,arabidopsis,rna_seq,legacy_not_in_dropdown,no,efp_arabidopsis,species-fallback,,,0,0,,"^([Aa][Tt][12345CM][Gg][0-9]{5}(\.[0-9]+)?)$|^([0-9]{6}(_[xsfi])?_at)$|^([0-9]{6,9})$|^(AFFX-[A-Za-z0-9_-]+(_|_x_|_s_)?at)$"
dna_damage,arabidopsis,rna_seq,both,yes,efp_arabidopsis,efp-frontend,efp_arabidopsis,eplant_arabidopsis,2,2,efp_arabidopsis: DNA Damage | eplant_arabidopsis: DNA Damage,"^([Aa][Tt][12345CM][Gg][0-9]{5}(\.[0-9]+)?)$|^([0-9]{6}(_[xsfi])?_at)$|^([0-9]{6,9})$|^(AFFX-[A-Za-z0-9_-]+(_|_x_|_s_)?at)$"
embryo,arabidopsis,rna_seq,efp,yes,efp_arabidopsis,efp-frontend,efp_arabidopsis,,1,1,efp_arabidopsis: Embryo,"^([Aa][Tt][12345CM][Gg][0-9]{5}(\.[0-9]+)?)$|^([0-9]{6}(_[xsfi])?_at)$|^([0-9]{6,9})$|^(AFFX-[A-Za-z0-9_-]+(_|_x_|_s_)?at)$"
gc_drought,arabidopsis,rna_seq,eplant,yes,efp_arabidopsis,eplant-frontend(shares eFP regex),,eplant_arabidopsis,1,1,eplant_arabidopsis: Guard Cell Drought,"^([Aa][Tt][12345CM][Gg][0-9]{5}(\.[0-9]+)?)$|^([0-9]{6}(_[xsfi])?_at)$|^([0-9]{6,9})$|^(AFFX-[A-Za-z0-9_-]+(_|_x_|_s_)?at)$"
germination,arabidopsis,rna_seq,both,yes,efp_arabidopsis,efp-frontend,efp_arabidopsis,eplant_arabidopsis,2,2,efp_arabidopsis: Germination | eplant_arabidopsis: Germination,"^([Aa][Tt][12345CM][Gg][0-9]{5}(\.[0-9]+)?)$|^([0-9]{6}(_[xsfi])?_at)$|^([0-9]{6,9})$|^(AFFX-[A-Za-z0-9_-]+(_|_x_|_s_)?at)$"
guard_cell,arabidopsis,microarray,both,yes,efp_arabidopsis,efp-frontend,efp_arabidopsis,eplant_arabidopsis,2,4,"efp_arabidopsis: Guard Cell | eplant_arabidopsis: Guard Cell Meristemoids, Guard Cell Mutant And Wild Type Guard Cell ABA Response, Guard Cell Suspension Cell ABA Response With ROS Scavenger","^([Aa][Tt][12345CM][Gg][0-9]{5}(\.[0-9]+)?)$|^([0-9]{6}(_[xsfi])?_at)$|^([0-9]{6,9})$|^(AFFX-[A-Za-z0-9_-]+(_|_x_|_s_)?at)$"
gynoecium,arabidopsis,rna_seq,efp,yes,efp_arabidopsis,efp-frontend,efp_arabidopsis,,1,1,efp_arabidopsis: Gynoecium,"^([Aa][Tt][12345CM][Gg][0-9]{5}(\.[0-9]+)?)$|^([0-9]{6}(_[xsfi])?_at)$|^([0-9]{6,9})$|^(AFFX-[A-Za-z0-9_-]+(_|_x_|_s_)?at)$"
hnahal,arabidopsis,microarray,legacy_not_in_dropdown,no,efp_arabidopsis,species-fallback,,,0,0,,"^([Aa][Tt][12345CM][Gg][0-9]{5}(\.[0-9]+)?)$|^([0-9]{6}(_[xsfi])?_at)$|^([0-9]{6,9})$|^(AFFX-[A-Za-z0-9_-]+(_|_x_|_s_)?at)$"
klepikova,arabidopsis,rna_seq,both,yes,efp_arabidopsis,efp-frontend,efp_arabidopsis,eplant_arabidopsis,2,2,efp_arabidopsis: Klepikova Atlas | eplant_arabidopsis: Klepikova,"^([Aa][Tt][12345CM][Gg][0-9]{5}(\.[0-9]+)?)$|^([0-9]{6}(_[xsfi])?_at)$|^([0-9]{6,9})$|^(AFFX-[A-Za-z0-9_-]+(_|_x_|_s_)?at)$"
lateral_root_initiation,arabidopsis,microarray,efp,yes,efp_arabidopsis,efp-frontend,efp_arabidopsis,,1,1,efp_arabidopsis: Lateral Root Initiation,"^([Aa][Tt][12345CM][Gg][0-9]{5}(\.[0-9]+)?)$|^([0-9]{6}(_[xsfi])?_at)$|^([0-9]{6,9})$|^(AFFX-[A-Za-z0-9_-]+(_|_x_|_s_)?at)$"
light_series,arabidopsis,microarray,efp,yes,efp_arabidopsis,efp-frontend,efp_arabidopsis,,1,1,efp_arabidopsis: Light Series,"^([Aa][Tt][12345CM][Gg][0-9]{5}(\.[0-9]+)?)$|^([0-9]{6}(_[xsfi])?_at)$|^([0-9]{6,9})$|^(AFFX-[A-Za-z0-9_-]+(_|_x_|_s_)?at)$"
lipid_map,arabidopsis,rna_seq,efp,yes,efp_arabidopsis_lipid,efp-frontend,efp_arabidopsis_lipid,,1,1,efp_arabidopsis_lipid: Lipid Map,"(?i)^[a-z0-9\s:;\/\[\]_\+\-]{1,64}$"
meristem_db,arabidopsis,microarray,efp,yes,efp_arabidopsis,efp-frontend,efp_arabidopsis,,1,1,efp_arabidopsis: Regeneration,"^([Aa][Tt][12345CM][Gg][0-9]{5}(\.[0-9]+)?)$|^([0-9]{6}(_[xsfi])?_at)$|^([0-9]{6,9})$|^(AFFX-[A-Za-z0-9_-]+(_|_x_|_s_)?at)$"
meristem_db_new,arabidopsis,microarray,legacy_not_in_dropdown,no,efp_arabidopsis,species-fallback,,,0,0,,"^([Aa][Tt][12345CM][Gg][0-9]{5}(\.[0-9]+)?)$|^([0-9]{6}(_[xsfi])?_at)$|^([0-9]{6,9})$|^(AFFX-[A-Za-z0-9_-]+(_|_x_|_s_)?at)$"
rohan,arabidopsis,microarray,legacy_not_in_dropdown,no,efp_arabidopsis,species-fallback,,,0,0,,"^([Aa][Tt][12345CM][Gg][0-9]{5}(\.[0-9]+)?)$|^([0-9]{6}(_[xsfi])?_at)$|^([0-9]{6,9})$|^(AFFX-[A-Za-z0-9_-]+(_|_x_|_s_)?at)$"
root,arabidopsis,microarray,both,yes,efp_arabidopsis,efp-frontend,efp_arabidopsis,eplant_arabidopsis,2,3,"efp_arabidopsis: Root, Root II | eplant_arabidopsis: Tissue Specific Root","^([Aa][Tt][12345CM][Gg][0-9]{5}(\.[0-9]+)?)$|^([0-9]{6}(_[xsfi])?_at)$|^([0-9]{6,9})$|^(AFFX-[A-Za-z0-9_-]+(_|_x_|_s_)?at)$"
root_Schaefer_lab,arabidopsis,rna_seq,eplant,yes,efp_arabidopsis,eplant-frontend(shares eFP regex),,eplant_arabidopsis,1,1,eplant_arabidopsis: Root Immunity Elicitation,"^([Aa][Tt][12345CM][Gg][0-9]{5}(\.[0-9]+)?)$|^([0-9]{6}(_[xsfi])?_at)$|^([0-9]{6,9})$|^(AFFX-[A-Za-z0-9_-]+(_|_x_|_s_)?at)$"
rpatel,arabidopsis,microarray,legacy_not_in_dropdown,no,efp_arabidopsis,species-fallback,,,0,0,,"^([Aa][Tt][12345CM][Gg][0-9]{5}(\.[0-9]+)?)$|^([0-9]{6}(_[xsfi])?_at)$|^([0-9]{6,9})$|^(AFFX-[A-Za-z0-9_-]+(_|_x_|_s_)?at)$"
seed_db,arabidopsis,microarray,efp,yes,efp_arabidopsis,efp-frontend,efp_arabidopsis,,1,1,efp_arabidopsis: Seed,"^([Aa][Tt][12345CM][Gg][0-9]{5}(\.[0-9]+)?)$|^([0-9]{6}(_[xsfi])?_at)$|^([0-9]{6,9})$|^(AFFX-[A-Za-z0-9_-]+(_|_x_|_s_)?at)$"
seedcoat,arabidopsis,microarray,efp,yes,efp_seedcoat,efp-frontend(alias),efp_arabidopsis_seedcoat,,1,1,efp_arabidopsis_seedcoat: Seed Coat,"^(At[12345CM]g[0-9]{5}(\.[0-9]+)?)$|^([0-9]{6}(_[xsfi])?_at)$|^([0-9]{6,9})$|^(\D[0-9]+_[0-9]+)$|^(At[0-9]{8})$|^(Alien[0-9]{1,2})$|^(atc[0-9]{2})$|^(3xSSC)$"
shoot_apex,arabidopsis,rna_seq,both,yes,efp_arabidopsis,efp-frontend,efp_arabidopsis,eplant_arabidopsis,2,2,efp_arabidopsis: Shoot Apex | eplant_arabidopsis: Shoot Apex,"^([Aa][Tt][12345CM][Gg][0-9]{5}(\.[0-9]+)?)$|^([0-9]{6}(_[xsfi])?_at)$|^([0-9]{6,9})$|^(AFFX-[A-Za-z0-9_-]+(_|_x_|_s_)?at)$"
silique,arabidopsis,rna_seq,efp,yes,efp_arabidopsis,efp-frontend,efp_arabidopsis,,1,1,efp_arabidopsis: Silique,"^([Aa][Tt][12345CM][Gg][0-9]{5}(\.[0-9]+)?)$|^([0-9]{6}(_[xsfi])?_at)$|^([0-9]{6,9})$|^(AFFX-[A-Za-z0-9_-]+(_|_x_|_s_)?at)$"
single_cell,arabidopsis,rna_seq,both,yes,efp_arabidopsis,efp-frontend,efp_arabidopsis;efp_arabidopsis_cell,eplant_arabidopsis,3,4,"efp_arabidopsis: Single Cell | efp_arabidopsis_cell: Cell Type | eplant_arabidopsis: Cell, Single Cell","^([Aa][Tt][12345CM][Gg][0-9]{5}(\.[0-9]+)?)$|^([0-9]{6}(_[xsfi])?_at)$|^([0-9]{6,9})$|^(AFFX-[A-Za-z0-9_-]+(_|_x_|_s_)?at)$"
arachis,arachis,rna_seq,efp,yes,efp_arachis,efp-frontend,efp_arachis,,1,1,efp_arachis: Arachis Atlas,^(Adur\d+_comp\d+_c\d+_seq\d+)$|^(Gyn_Aipa_c\d+_g\d+_i\d+)$|^(Aipa\d+_comp\d+_c\d+_seq\d+)$|^(Gyn_Adur_c\d+_g\d+_i\d+)$
barley_mas,barley,microarray,efp,yes,efp_barley,efp-frontend,efp_barley,,1,1,efp_barley: barley mas,"^((HM|HV).*)$|^(HORVU[\w.]+)$|^(MLOC\.[0-9]{4,6}\.[0-9]{1,2})$|^(A[JK][0-9]{6}\.[0-9])$|^([0-9-]+_(Reg|R)_[0-9-]+(_x_|_s_|_)?at)$|^([0-9-]+\.AF[0-9]+(_x_|_s_|_)?at)$|^(A[0-9]{5}\.[0-9](_x_|_s_|_)?at)$|^([A-Z]{2}[0-9]{6}(\.[0-9])?(_CDS-[0-9]{1,2})?(_x_|_s_|_)?at)$|^(AFFX-[A-Za-z0-9_/-]+(_x_|_s_|_)?at)$|^((Chlor|Mito)?Contig[0-9]{1,6}(_(3|5|M))?(_x_|_s_|_)?at)$|^(D[0-9]{5}(_x_|_s_|_)?at)$|^(Dhn[0-9]{2}\(Morex\)(_x_|_s_|_)?at)$|^(E[A-Za-z]{3}[0-9]{2}_SQ[0-9]{3}_[A-Z][0-9]{2}[a-z]?(_x_|_s_|_)?at)$|^(Franka(_b_|_)3pri[0-9]{1,2}(_x_|_s_|_)?at)$|^(H[A-Z][0-9]{1,4}[A-Z][0-9]{1,2}[a-z]?(_x_|_s_|_)?at)$|^(Mla[A-Za-z0-9_-]+at)$|^(S[0-9]{10}[A-Z][0-9]{2}[A-Z][0-9](_x_|_s_|_)?at)$|^((b|rb)(aak|aal|ags|ah|asd)[0-9]{1,2}[a-z][0-9]{2}(_x_|_s_|_)?at)$|^(HO)$"
barley_rma,barley,microarray,efp,yes,efp_barley,efp-frontend,efp_barley,,1,1,efp_barley: barley rma,"^((HM|HV).*)$|^(HORVU[\w.]+)$|^(MLOC\.[0-9]{4,6}\.[0-9]{1,2})$|^(A[JK][0-9]{6}\.[0-9])$|^([0-9-]+_(Reg|R)_[0-9-]+(_x_|_s_|_)?at)$|^([0-9-]+\.AF[0-9]+(_x_|_s_|_)?at)$|^(A[0-9]{5}\.[0-9](_x_|_s_|_)?at)$|^([A-Z]{2}[0-9]{6}(\.[0-9])?(_CDS-[0-9]{1,2})?(_x_|_s_|_)?at)$|^(AFFX-[A-Za-z0-9_/-]+(_x_|_s_|_)?at)$|^((Chlor|Mito)?Contig[0-9]{1,6}(_(3|5|M))?(_x_|_s_|_)?at)$|^(D[0-9]{5}(_x_|_s_|_)?at)$|^(Dhn[0-9]{2}\(Morex\)(_x_|_s_|_)?at)$|^(E[A-Za-z]{3}[0-9]{2}_SQ[0-9]{3}_[A-Z][0-9]{2}[a-z]?(_x_|_s_|_)?at)$|^(Franka(_b_|_)3pri[0-9]{1,2}(_x_|_s_|_)?at)$|^(H[A-Z][0-9]{1,4}[A-Z][0-9]{1,2}[a-z]?(_x_|_s_|_)?at)$|^(Mla[A-Za-z0-9_-]+at)$|^(S[0-9]{10}[A-Z][0-9]{2}[A-Z][0-9](_x_|_s_|_)?at)$|^((b|rb)(aak|aal|ags|ah|asd)[0-9]{1,2}[a-z][0-9]{2}(_x_|_s_|_)?at)$|^(HO)$"
barley_seed,barley,rna_seq,eplant,yes,efp_barley,eplant-frontend(shares eFP regex),,eplant_barley,1,1,eplant_barley: Seed,"^((HM|HV).*)$|^(HORVU[\w.]+)$|^(MLOC\.[0-9]{4,6}\.[0-9]{1,2})$|^(A[JK][0-9]{6}\.[0-9])$|^([0-9-]+_(Reg|R)_[0-9-]+(_x_|_s_|_)?at)$|^([0-9-]+\.AF[0-9]+(_x_|_s_|_)?at)$|^(A[0-9]{5}\.[0-9](_x_|_s_|_)?at)$|^([A-Z]{2}[0-9]{6}(\.[0-9])?(_CDS-[0-9]{1,2})?(_x_|_s_|_)?at)$|^(AFFX-[A-Za-z0-9_/-]+(_x_|_s_|_)?at)$|^((Chlor|Mito)?Contig[0-9]{1,6}(_(3|5|M))?(_x_|_s_|_)?at)$|^(D[0-9]{5}(_x_|_s_|_)?at)$|^(Dhn[0-9]{2}\(Morex\)(_x_|_s_|_)?at)$|^(E[A-Za-z]{3}[0-9]{2}_SQ[0-9]{3}_[A-Z][0-9]{2}[a-z]?(_x_|_s_|_)?at)$|^(Franka(_b_|_)3pri[0-9]{1,2}(_x_|_s_|_)?at)$|^(H[A-Z][0-9]{1,4}[A-Z][0-9]{1,2}[a-z]?(_x_|_s_|_)?at)$|^(Mla[A-Za-z0-9_-]+at)$|^(S[0-9]{10}[A-Z][0-9]{2}[A-Z][0-9](_x_|_s_|_)?at)$|^((b|rb)(aak|aal|ags|ah|asd)[0-9]{1,2}[a-z][0-9]{2}(_x_|_s_|_)?at)$|^(HO)$"
barley_spike_meristem,barley,rna_seq,eplant,yes,efp_barley,eplant-frontend(alias),,eplant_barley_legacy,1,2,"eplant_barley_legacy: Spike Meristem, Spike Meristem Shade Response","^((HM|HV).*)$|^(HORVU[\w.]+)$|^(MLOC\.[0-9]{4,6}\.[0-9]{1,2})$|^(A[JK][0-9]{6}\.[0-9])$|^([0-9-]+_(Reg|R)_[0-9-]+(_x_|_s_|_)?at)$|^([0-9-]+\.AF[0-9]+(_x_|_s_|_)?at)$|^(A[0-9]{5}\.[0-9](_x_|_s_|_)?at)$|^([A-Z]{2}[0-9]{6}(\.[0-9])?(_CDS-[0-9]{1,2})?(_x_|_s_|_)?at)$|^(AFFX-[A-Za-z0-9_/-]+(_x_|_s_|_)?at)$|^((Chlor|Mito)?Contig[0-9]{1,6}(_(3|5|M))?(_x_|_s_|_)?at)$|^(D[0-9]{5}(_x_|_s_|_)?at)$|^(Dhn[0-9]{2}\(Morex\)(_x_|_s_|_)?at)$|^(E[A-Za-z]{3}[0-9]{2}_SQ[0-9]{3}_[A-Z][0-9]{2}[a-z]?(_x_|_s_|_)?at)$|^(Franka(_b_|_)3pri[0-9]{1,2}(_x_|_s_|_)?at)$|^(H[A-Z][0-9]{1,4}[A-Z][0-9]{1,2}[a-z]?(_x_|_s_|_)?at)$|^(Mla[A-Za-z0-9_-]+at)$|^(S[0-9]{10}[A-Z][0-9]{2}[A-Z][0-9](_x_|_s_|_)?at)$|^((b|rb)(aak|aal|ags|ah|asd)[0-9]{1,2}[a-z][0-9]{2}(_x_|_s_|_)?at)$|^(HO)$"
barley_spike_meristem_v3,barley,rna_seq,eplant,yes,efp_barley,eplant-frontend(shares eFP regex),,eplant_barley,1,2,"eplant_barley: Spike Meristem, Spike Meristem Shade Response","^((HM|HV).*)$|^(HORVU[\w.]+)$|^(MLOC\.[0-9]{4,6}\.[0-9]{1,2})$|^(A[JK][0-9]{6}\.[0-9])$|^([0-9-]+_(Reg|R)_[0-9-]+(_x_|_s_|_)?at)$|^([0-9-]+\.AF[0-9]+(_x_|_s_|_)?at)$|^(A[0-9]{5}\.[0-9](_x_|_s_|_)?at)$|^([A-Z]{2}[0-9]{6}(\.[0-9])?(_CDS-[0-9]{1,2})?(_x_|_s_|_)?at)$|^(AFFX-[A-Za-z0-9_/-]+(_x_|_s_|_)?at)$|^((Chlor|Mito)?Contig[0-9]{1,6}(_(3|5|M))?(_x_|_s_|_)?at)$|^(D[0-9]{5}(_x_|_s_|_)?at)$|^(Dhn[0-9]{2}\(Morex\)(_x_|_s_|_)?at)$|^(E[A-Za-z]{3}[0-9]{2}_SQ[0-9]{3}_[A-Z][0-9]{2}[a-z]?(_x_|_s_|_)?at)$|^(Franka(_b_|_)3pri[0-9]{1,2}(_x_|_s_|_)?at)$|^(H[A-Z][0-9]{1,4}[A-Z][0-9]{1,2}[a-z]?(_x_|_s_|_)?at)$|^(Mla[A-Za-z0-9_-]+at)$|^(S[0-9]{10}[A-Z][0-9]{2}[A-Z][0-9](_x_|_s_|_)?at)$|^((b|rb)(aak|aal|ags|ah|asd)[0-9]{1,2}[a-z][0-9]{2}(_x_|_s_|_)?at)$|^(HO)$"
brachypodium,brachypodium,rna_seq,efp,yes,efp_brachypodium,efp-frontend,efp_brachypodium,,1,1,efp_brachypodium: Brachypodium Atlas,^(Bradi[0-9]+g[0-9]+(\.[0-9]+)?)$|^(Bradi[0-9]+s[0-9]+(\.[0-9]+)?)$|^(Bradi[0-9]+\.g[0-9]+)$
brachypodium_Bd21,brachypodium,rna_seq,efp,yes,efp_brachypodium,efp-frontend,efp_brachypodium,,1,1,efp_brachypodium: Brachypodium Spikes,^(Bradi[0-9]+g[0-9]+(\.[0-9]+)?)$|^(Bradi[0-9]+s[0-9]+(\.[0-9]+)?)$|^(Bradi[0-9]+\.g[0-9]+)$
brachypodium_embryogenesis,brachypodium,rna_seq,legacy_not_in_dropdown,no,efp_brachypodium,species-fallback,,,0,0,,^(Bradi[0-9]+g[0-9]+(\.[0-9]+)?)$|^(Bradi[0-9]+s[0-9]+(\.[0-9]+)?)$|^(Bradi[0-9]+\.g[0-9]+)$
brachypodium_grains,brachypodium,rna_seq,efp,yes,efp_brachypodium,efp-frontend,efp_brachypodium,,1,1,efp_brachypodium: Brachypodium Grains,^(Bradi[0-9]+g[0-9]+(\.[0-9]+)?)$|^(Bradi[0-9]+s[0-9]+(\.[0-9]+)?)$|^(Bradi[0-9]+\.g[0-9]+)$
brachypodium_metabolites_map,brachypodium,rna_seq,efp,yes,efp_brachypodium_metabolites,efp-frontend,efp_brachypodium_metabolites,,1,1,efp_brachypodium_metabolites: Metabolite Level,"(?i)^[a-z\s\-]{1,60}$"
brachypodium_photo_thermocycle,brachypodium,rna_seq,efp,yes,efp_brachypodium,efp-frontend,efp_brachypodium,,1,1,efp_brachypodium: Photo Thermocycle,^(Bradi[0-9]+g[0-9]+(\.[0-9]+)?)$|^(Bradi[0-9]+s[0-9]+(\.[0-9]+)?)$|^(Bradi[0-9]+\.g[0-9]+)$
brassica_rapa,brassica,rna_seq,efp,yes,efp_brassica_rapa,efp-frontend,efp_brassica_rapa,,1,1,efp_brassica_rapa: Embryogenesis,"^(Bra.\d+g\d{0,10})$|^(Bra[AC]nng\d+)$"
brassica_rapa_developmental_atlas,brassica,rna_seq,legacy_not_in_dropdown,no,efp_brassica_rapa,species-sibling-fallback,,,0,0,,"^(Bra.\d+g\d{0,10})$|^(Bra[AC]nng\d+)$"
cacao_developmental_atlas,cacao,rna_seq,efp,yes,efp_cacao_ccn,efp-frontend,efp_cacao_ccn,,1,1,efp_cacao_ccn: Developmental Atlas,"^(CCN-51_Chr\d{1,3}v\d{1,3}_\d{1,9})$"
cacao_developmental_atlas_sca,cacao,rna_seq,efp,yes,efp_cacao_sca,efp-frontend,efp_cacao_sca,,1,1,efp_cacao_sca: Developmental Atlas,"^(SCA-6_Chr\d{1,3}v\d{1,3}_\d{1,9})$"
cacao_drought_diurnal_atlas,cacao,rna_seq,efp,yes,efp_cacao_ccn,efp-frontend,efp_cacao_ccn,,1,1,efp_cacao_ccn: Drought Diurnal Atlas,"^(CCN-51_Chr\d{1,3}v\d{1,3}_\d{1,9})$"
cacao_drought_diurnal_atlas_sca,cacao,rna_seq,efp,yes,efp_cacao_sca,efp-frontend,efp_cacao_sca,,1,1,efp_cacao_sca: Drought Diurnal Atlas,"^(SCA-6_Chr\d{1,3}v\d{1,3}_\d{1,9})$"
cacao_infection,cacao,rna_seq,efp,yes,efp_cacao_tc,efp-frontend,efp_cacao_tc,,1,1,efp_cacao_tc: Cacao Infection,^(Tc([0-9]+|Un)v2_g[0-9]+)$
cacao_leaf,cacao,rna_seq,efp,yes,efp_cacao_tc,efp-frontend,efp_cacao_tc,,1,1,efp_cacao_tc: Cacao Leaf,^(Tc([0-9]+|Un)v2_g[0-9]+)$
cacao_meristem_atlas_sca,cacao,rna_seq,efp,yes,efp_cacao_sca,efp-frontend,efp_cacao_sca,,1,1,efp_cacao_sca: Meristem Atlas,"^(SCA-6_Chr\d{1,3}v\d{1,3}_\d{1,9})$"
cacao_seed_atlas_sca,cacao,rna_seq,efp,yes,efp_cacao_sca,efp-frontend,efp_cacao_sca,,1,1,efp_cacao_sca: Seed Atlas,"^(SCA-6_Chr\d{1,3}v\d{1,3}_\d{1,9})$"
camelina,camelina,rna_seq,both,yes,efp_camelina,efp-frontend,efp_camelina,eplant_camelina,2,2,efp_camelina: Developmental Atlas FPKM | eplant_camelina: Plant,"^(Csa\d{0,5}[gs]\d{0,6}.\d{0,3})$|^(At\d[cgm]\d{0,6})$"
camelina_tpm,camelina,rna_seq,efp,yes,efp_camelina,efp-frontend,efp_camelina,,1,1,efp_camelina: Developmental Atlas TPM,"^(Csa\d{0,5}[gs]\d{0,6}.\d{0,3})$|^(At\d[cgm]\d{0,6})$"
cannabis,cannabis,rna_seq,both,yes,efp_cannabis,efp-frontend,efp_cannabis,eplant_cannabis,2,2,efp_cannabis: Cannabis Atlas | eplant_cannabis: Plant,(^C\d+$)|(^scaffold\d+$)|(^AGQN\d+$)
canola,canola,rna_seq,legacy_not_in_dropdown,no,efp_canola,species-fallback,,,0,0,,"^(Bna([A-C][0-9]{2}|[A-C]nn|Unn)g[0-9]{1,8}[A-Z]?)$|^(BoC[0-9]+g[0-9]+\.[0-9]+V[0-9])$|^(BrChr[0-9]+g[0-9]+\.[0-9]+V[0-9])$|^(Contig[0-9]+)$"
canola_original,canola,rna_seq,legacy_not_in_dropdown,no,efp_canola,species-fallback,,,0,0,,"^(Bna([A-C][0-9]{2}|[A-C]nn|Unn)g[0-9]{1,8}[A-Z]?)$|^(BoC[0-9]+g[0-9]+\.[0-9]+V[0-9])$|^(BrChr[0-9]+g[0-9]+\.[0-9]+V[0-9])$|^(Contig[0-9]+)$"
canola_original_v2,canola,rna_seq,legacy_not_in_dropdown,no,efp_canola,species-fallback,,,0,0,,"^(Bna([A-C][0-9]{2}|[A-C]nn|Unn)g[0-9]{1,8}[A-Z]?)$|^(BoC[0-9]+g[0-9]+\.[0-9]+V[0-9])$|^(BrChr[0-9]+g[0-9]+\.[0-9]+V[0-9])$|^(Contig[0-9]+)$"
canola_seed,canola,rna_seq,efp,yes,efp_canola,efp-frontend,efp_canola,,1,1,efp_canola: Canola Seed,"^(Bna([A-C][0-9]{2}|[A-C]nn|Unn)g[0-9]{1,8}[A-Z]?)$|^(BoC[0-9]+g[0-9]+\.[0-9]+V[0-9])$|^(BrChr[0-9]+g[0-9]+\.[0-9]+V[0-9])$|^(Contig[0-9]+)$"
cassava_atlas,cassava,rna_seq,legacy_not_in_dropdown,no,(unassigned),UNRESOLVED,,,0,0,,
cassava_cbb,cassava,rna_seq,legacy_not_in_dropdown,no,(unassigned),UNRESOLVED,,,0,0,,
cassava_eacmv,cassava,rna_seq,legacy_not_in_dropdown,no,(unassigned),UNRESOLVED,,,0,0,,
cuscuta,cuscuta,rna_seq,legacy_not_in_dropdown,no,(unassigned),UNRESOLVED,,,0,0,,
cuscuta_early_haustoriogenesis,cuscuta,rna_seq,legacy_not_in_dropdown,no,(unassigned),UNRESOLVED,,,0,0,,
cuscuta_lmd,cuscuta,rna_seq,legacy_not_in_dropdown,no,(unassigned),UNRESOLVED,,,0,0,,
eucalyptus,eucalyptus,rna_seq,eplant,yes,efp_eucalyptus,eplant-frontend(shares eFP regex),,eplant_eucalyptus,1,2,"eplant_eucalyptus: Stress, Plant",^(Eucgr\.[A-Za-z][0-9]{5}(\.[0-9]+)?)$|^(Eucgr\.[A-Za-z0-9._-]+)$
euphorbia,euphorbia,rna_seq,efp,yes,efp_euphorbia,efp-frontend,efp_euphorbia,,1,1,efp_euphorbia: Euphorbia,"^(Ep_chr\d_g\d{1,8})$"
grape_developmental,grape,rna_seq,efp,yes,efp_grape,efp-frontend,efp_grape,,1,1,efp_grape: grape developmental,^(CHR|VIT_|CHRUN)
heterodera_schachtii,heterodera,rna_seq,eplant,yes,efp_arabidopsis,species-special-case,,eplant_arabidopsis,1,1,eplant_arabidopsis: Heterodera schachtii,"^([Aa][Tt][12345CM][Gg][0-9]{5}(\.[0-9]+)?)$|^([0-9]{6}(_[xsfi])?_at)$|^([0-9]{6,9})$|^(AFFX-[A-Za-z0-9_-]+(_|_x_|_s_)?at)$"
human_body_map_2,human,rna_seq,efp,yes,efp_human,efp-frontend,efp_human,,1,1,efp_human: Illumina Body Map 2 - FPKM,"^([0-9]{1,7}(_[a-z])?_at)$|^(gnf1h[0-9]{5}(_[a-z])?_at)$|^(ENSG[0-9]{11}(\.[0-9]+)?)$|^([NX][MR]_[0-9]+(\.[0-9]+)?)$|^([0-9]{1,10})$|^(AFFX[-_][\w./-]+at)$|^([A-Za-z0-9][A-Za-z0-9._-]{0,39})$"
human_developmental,human,microarray,efp,yes,efp_human,efp-frontend,efp_human,,1,4,"efp_human: Circulatory Respiratory, Nervous, Reproductive, Skeletal Immune Digestive","^([0-9]{1,7}(_[a-z])?_at)$|^(gnf1h[0-9]{5}(_[a-z])?_at)$|^(ENSG[0-9]{11}(\.[0-9]+)?)$|^([NX][MR]_[0-9]+(\.[0-9]+)?)$|^([0-9]{1,10})$|^(AFFX[-_][\w./-]+at)$|^([A-Za-z0-9][A-Za-z0-9._-]{0,39})$"
human_developmental_SpongeLab,human,microarray,legacy_not_in_dropdown,no,efp_human,species-fallback,,,0,0,,"^([0-9]{1,7}(_[a-z])?_at)$|^(gnf1h[0-9]{5}(_[a-z])?_at)$|^(ENSG[0-9]{11}(\.[0-9]+)?)$|^([NX][MR]_[0-9]+(\.[0-9]+)?)$|^([0-9]{1,10})$|^(AFFX[-_][\w./-]+at)$|^([A-Za-z0-9][A-Za-z0-9._-]{0,39})$"
human_diseased,human,microarray,legacy_not_in_dropdown,no,efp_human,species-fallback,,,0,0,,"^([0-9]{1,7}(_[a-z])?_at)$|^(gnf1h[0-9]{5}(_[a-z])?_at)$|^(ENSG[0-9]{11}(\.[0-9]+)?)$|^([NX][MR]_[0-9]+(\.[0-9]+)?)$|^([0-9]{1,10})$|^(AFFX[-_][\w./-]+at)$|^([A-Za-z0-9][A-Za-z0-9._-]{0,39})$"
kalanchoe,kalanchoe,rna_seq,efp,yes,efp_kalanchoe,efp-frontend,efp_kalanchoe,,1,1,efp_kalanchoe: Light Response,^(Kaladp\d+s\d+)$
kalanchoe_time_course_analysis,kalanchoe,rna_seq,legacy_not_in_dropdown,no,efp_kalanchoe,species-fallback,,,0,0,,^(Kaladp\d+s\d+)$
little_millet,little_millet,rna_seq,efp,yes,efp_little_millet,efp-frontend,efp_little_millet,,1,1,efp_little_millet: Life Cycle,^(TRINITY_DN\d+_c\d+_g\d+_i\d+)$
lupin_lcm_leaf,lupin,rna_seq,efp,yes,efp_lupin,efp-frontend,efp_lupin,,1,1,efp_lupin: LCM Leaf,"^(Luan_Oskar_.{1,12}_\d{1,12})$"
lupin_lcm_pod,lupin,rna_seq,efp,yes,efp_lupin,efp-frontend,efp_lupin,,1,1,efp_lupin: LCM Pod,"^(Luan_Oskar_.{1,12}_\d{1,12})$"
lupin_lcm_stem,lupin,rna_seq,efp,yes,efp_lupin,efp-frontend,efp_lupin,,1,1,efp_lupin: LCM Stem,"^(Luan_Oskar_.{1,12}_\d{1,12})$"
lupin_pod_seed,lupin,rna_seq,legacy_not_in_dropdown,no,efp_lupin,species-fallback,,,0,0,,"^(Luan_Oskar_.{1,12}_\d{1,12})$"
lupin_whole_plant,lupin,rna_seq,efp,yes,efp_lupin,efp-frontend,efp_lupin,,1,1,efp_lupin: Whole Plant,"^(Luan_Oskar_.{1,12}_\d{1,12})$"
maize_RMA_linear,maize,rna_seq,both,yes,efp_maize,efp-frontend,efp_maize,eplant_maize,2,2,efp_maize: Sekhon et al Atlas | eplant_maize: Sekhon Atlas,"^([A-Z]{2}[0-9]{6}\.[0-9]{1,2}_FGT?[0-9]{3})$|^(GRMZM(2|5)G[0-9]{6}(_T[0-9]{2})?)$|^(Zm[0-9]+d[0-9]+)$|^(Zm[0-9]{1,10}eb[0-9]{1,10})$|^([A-Z]{2}[0-9]{6}(\.[0-9])?(_(a|s|x|f|i))?_at)$|^(Ctrl_[A-Za-z0-9._-]+_at)$|^(AFFX[-_][\w./-]+at)$|^(Zm[0-9]{6}(_[xsa])?_at)$"
maize_RMA_log,maize,rna_seq,legacy_not_in_dropdown,no,efp_maize,species-fallback,,,0,0,,"^([A-Z]{2}[0-9]{6}\.[0-9]{1,2}_FGT?[0-9]{3})$|^(GRMZM(2|5)G[0-9]{6}(_T[0-9]{2})?)$|^(Zm[0-9]+d[0-9]+)$|^(Zm[0-9]{1,10}eb[0-9]{1,10})$|^([A-Z]{2}[0-9]{6}(\.[0-9])?(_(a|s|x|f|i))?_at)$|^(Ctrl_[A-Za-z0-9._-]+_at)$|^(AFFX[-_][\w./-]+at)$|^(Zm[0-9]{6}(_[xsa])?_at)$"
maize_atlas,maize,rna_seq,legacy_not_in_dropdown,no,efp_maize,species-fallback,,,0,0,,"^([A-Z]{2}[0-9]{6}\.[0-9]{1,2}_FGT?[0-9]{3})$|^(GRMZM(2|5)G[0-9]{6}(_T[0-9]{2})?)$|^(Zm[0-9]+d[0-9]+)$|^(Zm[0-9]{1,10}eb[0-9]{1,10})$|^([A-Z]{2}[0-9]{6}(\.[0-9])?(_(a|s|x|f|i))?_at)$|^(Ctrl_[A-Za-z0-9._-]+_at)$|^(AFFX[-_][\w./-]+at)$|^(Zm[0-9]{6}(_[xsa])?_at)$"
maize_atlas_v5,maize,rna_seq,efp,yes,efp_maize,efp-frontend,efp_maize,,1,1,efp_maize: Hoopes et al Atlas V5,"^([A-Z]{2}[0-9]{6}\.[0-9]{1,2}_FGT?[0-9]{3})$|^(GRMZM(2|5)G[0-9]{6}(_T[0-9]{2})?)$|^(Zm[0-9]+d[0-9]+)$|^(Zm[0-9]{1,10}eb[0-9]{1,10})$|^([A-Z]{2}[0-9]{6}(\.[0-9])?(_(a|s|x|f|i))?_at)$|^(Ctrl_[A-Za-z0-9._-]+_at)$|^(AFFX[-_][\w./-]+at)$|^(Zm[0-9]{6}(_[xsa])?_at)$"
maize_buell_lab,maize,rna_seq,efp,yes,efp_maize,efp-frontend,efp_maize,,1,2,"efp_maize: Hoopes et al Atlas, Hoopes et al Stress","^([A-Z]{2}[0-9]{6}\.[0-9]{1,2}_FGT?[0-9]{3})$|^(GRMZM(2|5)G[0-9]{6}(_T[0-9]{2})?)$|^(Zm[0-9]+d[0-9]+)$|^(Zm[0-9]{1,10}eb[0-9]{1,10})$|^([A-Z]{2}[0-9]{6}(\.[0-9])?(_(a|s|x|f|i))?_at)$|^(Ctrl_[A-Za-z0-9._-]+_at)$|^(AFFX[-_][\w./-]+at)$|^(Zm[0-9]{6}(_[xsa])?_at)$"
maize_early_seed,maize,rna_seq,efp,yes,efp_maize,efp-frontend,efp_maize,,1,2,"efp_maize: Early Seed, Maize Kernel","^([A-Z]{2}[0-9]{6}\.[0-9]{1,2}_FGT?[0-9]{3})$|^(GRMZM(2|5)G[0-9]{6}(_T[0-9]{2})?)$|^(Zm[0-9]+d[0-9]+)$|^(Zm[0-9]{1,10}eb[0-9]{1,10})$|^([A-Z]{2}[0-9]{6}(\.[0-9])?(_(a|s|x|f|i))?_at)$|^(Ctrl_[A-Za-z0-9._-]+_at)$|^(AFFX[-_][\w./-]+at)$|^(Zm[0-9]{6}(_[xsa])?_at)$"
maize_ears,maize,rna_seq,both,yes,efp_maize,efp-frontend,efp_maize,eplant_maize,2,2,efp_maize: Tassel and Ear Primordia | eplant_maize: Tassel And Ear Primordia,"^([A-Z]{2}[0-9]{6}\.[0-9]{1,2}_FGT?[0-9]{3})$|^(GRMZM(2|5)G[0-9]{6}(_T[0-9]{2})?)$|^(Zm[0-9]+d[0-9]+)$|^(Zm[0-9]{1,10}eb[0-9]{1,10})$|^([A-Z]{2}[0-9]{6}(\.[0-9])?(_(a|s|x|f|i))?_at)$|^(Ctrl_[A-Za-z0-9._-]+_at)$|^(AFFX[-_][\w./-]+at)$|^(Zm[0-9]{6}(_[xsa])?_at)$"
maize_embryonic_leaf_development,maize,rna_seq,efp,yes,efp_maize,efp-frontend,efp_maize,,1,1,efp_maize: Embryonic Leaf Development,"^([A-Z]{2}[0-9]{6}\.[0-9]{1,2}_FGT?[0-9]{3})$|^(GRMZM(2|5)G[0-9]{6}(_T[0-9]{2})?)$|^(Zm[0-9]+d[0-9]+)$|^(Zm[0-9]{1,10}eb[0-9]{1,10})$|^([A-Z]{2}[0-9]{6}(\.[0-9])?(_(a|s|x|f|i))?_at)$|^(Ctrl_[A-Za-z0-9._-]+_at)$|^(AFFX[-_][\w./-]+at)$|^(Zm[0-9]{6}(_[xsa])?_at)$"
maize_enzyme,maize,rna_seq,efp,yes,efp_maize_enzyme,efp-frontend,efp_maize_enzyme,,1,1,efp_maize_enzyme: Enzyme Activity,"(?i)^[a-z0-9\s\-\(\)]{1,50}$"
maize_gdowns,maize,microarray,both,yes,efp_maize,efp-frontend,efp_maize,eplant_maize,2,2,efp_maize: Downs et al Atlas | eplant_maize: Plant,"^([A-Z]{2}[0-9]{6}\.[0-9]{1,2}_FGT?[0-9]{3})$|^(GRMZM(2|5)G[0-9]{6}(_T[0-9]{2})?)$|^(Zm[0-9]+d[0-9]+)$|^(Zm[0-9]{1,10}eb[0-9]{1,10})$|^([A-Z]{2}[0-9]{6}(\.[0-9])?(_(a|s|x|f|i))?_at)$|^(Ctrl_[A-Za-z0-9._-]+_at)$|^(AFFX[-_][\w./-]+at)$|^(Zm[0-9]{6}(_[xsa])?_at)$"
maize_iplant,maize,rna_seq,both,yes,efp_maize,efp-frontend,efp_maize,eplant_maize,2,2,efp_maize: maize iplant | eplant_maize: Leaf MeBS,"^([A-Z]{2}[0-9]{6}\.[0-9]{1,2}_FGT?[0-9]{3})$|^(GRMZM(2|5)G[0-9]{6}(_T[0-9]{2})?)$|^(Zm[0-9]+d[0-9]+)$|^(Zm[0-9]{1,10}eb[0-9]{1,10})$|^([A-Z]{2}[0-9]{6}(\.[0-9])?(_(a|s|x|f|i))?_at)$|^(Ctrl_[A-Za-z0-9._-]+_at)$|^(AFFX[-_][\w./-]+at)$|^(Zm[0-9]{6}(_[xsa])?_at)$"
maize_kernel_v5,maize,rna_seq,efp,yes,efp_maize,efp-frontend,efp_maize,,1,1,efp_maize: Maize Kernel V5,"^([A-Z]{2}[0-9]{6}\.[0-9]{1,2}_FGT?[0-9]{3})$|^(GRMZM(2|5)G[0-9]{6}(_T[0-9]{2})?)$|^(Zm[0-9]+d[0-9]+)$|^(Zm[0-9]{1,10}eb[0-9]{1,10})$|^([A-Z]{2}[0-9]{6}(\.[0-9])?(_(a|s|x|f|i))?_at)$|^(Ctrl_[A-Za-z0-9._-]+_at)$|^(AFFX[-_][\w./-]+at)$|^(Zm[0-9]{6}(_[xsa])?_at)$"
maize_leaf_gradient,maize,rna_seq,both,yes,efp_maize,efp-frontend,efp_maize,eplant_maize,2,2,efp_maize: maize leaf gradient | eplant_maize: Leaf Gradient,"^([A-Z]{2}[0-9]{6}\.[0-9]{1,2}_FGT?[0-9]{3})$|^(GRMZM(2|5)G[0-9]{6}(_T[0-9]{2})?)$|^(Zm[0-9]+d[0-9]+)$|^(Zm[0-9]{1,10}eb[0-9]{1,10})$|^([A-Z]{2}[0-9]{6}(\.[0-9])?(_(a|s|x|f|i))?_at)$|^(Ctrl_[A-Za-z0-9._-]+_at)$|^(AFFX[-_][\w./-]+at)$|^(Zm[0-9]{6}(_[xsa])?_at)$"
maize_lipid_map,maize,rna_seq,legacy_not_in_dropdown,no,efp_maize,species-fallback,,,0,0,,"^([A-Z]{2}[0-9]{6}\.[0-9]{1,2}_FGT?[0-9]{3})$|^(GRMZM(2|5)G[0-9]{6}(_T[0-9]{2})?)$|^(Zm[0-9]+d[0-9]+)$|^(Zm[0-9]{1,10}eb[0-9]{1,10})$|^([A-Z]{2}[0-9]{6}(\.[0-9])?(_(a|s|x|f|i))?_at)$|^(Ctrl_[A-Za-z0-9._-]+_at)$|^(AFFX[-_][\w./-]+at)$|^(Zm[0-9]{6}(_[xsa])?_at)$"
maize_metabolite,maize,rna_seq,efp,yes,efp_maize_metabolite,efp-frontend,efp_maize_metabolite,,1,1,efp_maize_metabolite: Metabolite Level,"(?i)^[a-z0-9\s,\.\-\(\)_'\+/]{1,80}$"
maize_nitrogen_use_efficiency,maize,rna_seq,legacy_not_in_dropdown,no,efp_maize,species-fallback,,,0,0,,"^([A-Z]{2}[0-9]{6}\.[0-9]{1,2}_FGT?[0-9]{3})$|^(GRMZM(2|5)G[0-9]{6}(_T[0-9]{2})?)$|^(Zm[0-9]+d[0-9]+)$|^(Zm[0-9]{1,10}eb[0-9]{1,10})$|^([A-Z]{2}[0-9]{6}(\.[0-9])?(_(a|s|x|f|i))?_at)$|^(Ctrl_[A-Za-z0-9._-]+_at)$|^(AFFX[-_][\w./-]+at)$|^(Zm[0-9]{6}(_[xsa])?_at)$"
maize_rice_comparison,maize,rna_seq,efp,yes,efp_maize,efp-frontend,efp_maize,,1,1,efp_maize: maize rice comparison,"^([A-Z]{2}[0-9]{6}\.[0-9]{1,2}_FGT?[0-9]{3})$|^(GRMZM(2|5)G[0-9]{6}(_T[0-9]{2})?)$|^(Zm[0-9]+d[0-9]+)$|^(Zm[0-9]{1,10}eb[0-9]{1,10})$|^([A-Z]{2}[0-9]{6}(\.[0-9])?(_(a|s|x|f|i))?_at)$|^(Ctrl_[A-Za-z0-9._-]+_at)$|^(AFFX[-_][\w./-]+at)$|^(Zm[0-9]{6}(_[xsa])?_at)$"
maize_root,maize,rna_seq,both,yes,efp_maize,efp-frontend,efp_maize,eplant_maize,2,2,efp_maize: Maize Root | eplant_maize: Root,"^([A-Z]{2}[0-9]{6}\.[0-9]{1,2}_FGT?[0-9]{3})$|^(GRMZM(2|5)G[0-9]{6}(_T[0-9]{2})?)$|^(Zm[0-9]+d[0-9]+)$|^(Zm[0-9]{1,10}eb[0-9]{1,10})$|^([A-Z]{2}[0-9]{6}(\.[0-9])?(_(a|s|x|f|i))?_at)$|^(Ctrl_[A-Za-z0-9._-]+_at)$|^(AFFX[-_][\w./-]+at)$|^(Zm[0-9]{6}(_[xsa])?_at)$"
maize_stress_v5,maize,rna_seq,efp,yes,efp_maize,efp-frontend,efp_maize,,1,1,efp_maize: Hoopes et al Stress V5,"^([A-Z]{2}[0-9]{6}\.[0-9]{1,2}_FGT?[0-9]{3})$|^(GRMZM(2|5)G[0-9]{6}(_T[0-9]{2})?)$|^(Zm[0-9]+d[0-9]+)$|^(Zm[0-9]{1,10}eb[0-9]{1,10})$|^([A-Z]{2}[0-9]{6}(\.[0-9])?(_(a|s|x|f|i))?_at)$|^(Ctrl_[A-Za-z0-9._-]+_at)$|^(AFFX[-_][\w./-]+at)$|^(Zm[0-9]{6}(_[xsa])?_at)$"
mangosteen_aril_vs_rind,mangosteen,rna_seq,efp,yes,efp_mangosteen,efp-frontend,efp_mangosteen,,1,1,efp_mangosteen: Aril vs Rind,"^(DN\d{1,10})$"
mangosteen_callus,mangosteen,rna_seq,efp,yes,efp_mangosteen,efp-frontend,efp_mangosteen,,1,1,efp_mangosteen: Callus,"^(DN\d{1,10})$"
mangosteen_diseased_vs_normal,mangosteen,rna_seq,efp,yes,efp_mangosteen,efp-frontend,efp_mangosteen,,1,1,efp_mangosteen: Diseased vs Normal,"^(DN\d{1,10})$"
mangosteen_fruit_ripening,mangosteen,rna_seq,efp,yes,efp_mangosteen,efp-frontend,efp_mangosteen,,1,1,efp_mangosteen: Fruit Ripening,"^(DN\d{1,10})$"
mangosteen_seed_development,mangosteen,rna_seq,efp,yes,efp_mangosteen,efp-frontend,efp_mangosteen,,1,1,efp_mangosteen: Seed Development,"^(DN\d{1,10})$"
mangosteen_seed_development_germination,mangosteen,rna_seq,legacy_not_in_dropdown,no,efp_mangosteen,species-fallback,,,0,0,,"^(DN\d{1,10})$"
mangosteen_seed_germination,mangosteen,rna_seq,efp,yes,efp_mangosteen,efp-frontend,efp_mangosteen,,1,1,efp_mangosteen: Seed Germination,"^(DN\d{1,10})$"
marchantia_organ_stress,marchantia,rna_seq,efp,yes,efp_marchantia,efp-frontend,efp_marchantia,,1,1,efp_marchantia: Expression Atlas,"^(Mp[A-Za-z]?g[0-9]{1,7}\.[0-9]{1,3})$|^(Mp[A-Za-z]?[0-9]+g[0-9]+\.[0-9]+)$"
medicago_mas,medicago,microarray,both,yes,efp_medicago,efp-frontend,efp_medicago,eplant_medicago,2,2,efp_medicago: medicago mas | eplant_medicago: Plant,"^(Medtr[0-9]g[0-9]{6}(\.[0-9]+)?)$|^(Medtr[0-9]{4}s[0-9]{4})$|^((Mtr|Msa|Sme)(Affx)?\.[0-9]+\.[0-9]+\.[SA][0-9](_(a|s|x)_at|_at))$|^(RPTR-[A-Za-z]{2,3}-[A-Za-z0-9._-]+(_(a|s|x)_at|_at))$|^(AFFX[-_][\w./-]+at)$|^(Medtr_v1_[0-9]{6})$"
medicago_rma,medicago,microarray,efp,yes,efp_medicago,efp-frontend,efp_medicago,,1,1,efp_medicago: medicago rma,"^(Medtr[0-9]g[0-9]{6}(\.[0-9]+)?)$|^(Medtr[0-9]{4}s[0-9]{4})$|^((Mtr|Msa|Sme)(Affx)?\.[0-9]+\.[0-9]+\.[SA][0-9](_(a|s|x)_at|_at))$|^(RPTR-[A-Za-z]{2,3}-[A-Za-z0-9._-]+(_(a|s|x)_at|_at))$|^(AFFX[-_][\w./-]+at)$|^(Medtr_v1_[0-9]{6})$"
medicago_root,medicago,rna_seq,eplant,yes,efp_medicago,eplant-frontend(shares eFP regex),,eplant_medicago,1,2,"eplant_medicago: Root, Root Component","^(Medtr[0-9]g[0-9]{6}(\.[0-9]+)?)$|^(Medtr[0-9]{4}s[0-9]{4})$|^((Mtr|Msa|Sme)(Affx)?\.[0-9]+\.[0-9]+\.[SA][0-9](_(a|s|x)_at|_at))$|^(RPTR-[A-Za-z]{2,3}-[A-Za-z0-9._-]+(_(a|s|x)_at|_at))$|^(AFFX[-_][\w./-]+at)$|^(Medtr_v1_[0-9]{6})$"
medicago_root_v5,medicago,rna_seq,legacy_not_in_dropdown,no,efp_medicago,species-fallback,,,0,0,,"^(Medtr[0-9]g[0-9]{6}(\.[0-9]+)?)$|^(Medtr[0-9]{4}s[0-9]{4})$|^((Mtr|Msa|Sme)(Affx)?\.[0-9]+\.[0-9]+\.[SA][0-9](_(a|s|x)_at|_at))$|^(RPTR-[A-Za-z]{2,3}-[A-Za-z0-9._-]+(_(a|s|x)_at|_at))$|^(AFFX[-_][\w./-]+at)$|^(Medtr_v1_[0-9]{6})$"
medicago_seed,medicago,rna_seq,both,yes,efp_medicago,efp-frontend,efp_medicago,eplant_medicago,2,2,efp_medicago: medicago seed | eplant_medicago: Seed,"^(Medtr[0-9]g[0-9]{6}(\.[0-9]+)?)$|^(Medtr[0-9]{4}s[0-9]{4})$|^((Mtr|Msa|Sme)(Affx)?\.[0-9]+\.[0-9]+\.[SA][0-9](_(a|s|x)_at|_at))$|^(RPTR-[A-Za-z]{2,3}-[A-Za-z0-9._-]+(_(a|s|x)_at|_at))$|^(AFFX[-_][\w./-]+at)$|^(Medtr_v1_[0-9]{6})$"
mouse_db,mouse,rna_seq,efp,yes,mouse_efp,efp-frontend(alias),efp_mouse,,1,1,efp_mouse: Mouse,"^(X[MR]_[0-9]{1,9}(\.[0-9]{1,3})?)$|^(N[MR]_[0-9]{1,9}(\.[0-9]{1,3})?)$|^(ENSMUSG[0-9]{1,15})$|^(MGI:[0-9]{1,10})$|^([A-Za-z0-9][A-Za-z0-9._-]{0,39})$"
oat,oat,rna_seq,efp,yes,efp_oat,efp-frontend,efp_oat,,1,1,efp_oat: Oat,"(^N0\.HOG\d{1,10}$|^\D{1,10}\.*\d{1,10}.{1,10}\d{1,10}$)"
phelipanche,phelipanche,rna_seq,efp,yes,efp_phelipanche,efp-frontend,efp_phelipanche,,1,1,efp_phelipanche: Phelipanche,"^(OrAeBC\d+_\d+\.\d+)$|^(OrAeBC\d+_\d+)$|^(At\d[gcm]\d{1,6})$"
physcomitrella_db,physcomitrella,rna_seq,efp,yes,efp_physcomitrella,efp-frontend,efp_physcomitrella,,1,1,efp_physcomitrella: Physcomitrella,^(Pp)\d+s\d+_\d+V\d\.\d$|^Phypa_\d+$
poplar,poplar,microarray,both,yes,efp_poplar,efp-frontend,efp_poplar,eplant_poplar,2,4,"efp_poplar: Poplar, PoplarTreatment | eplant_poplar: Poplar Treatment, Plant",^(Potri\.([0-9]{3}G|T)[0-9]{6}(\.[0-9]+)?)$|^(POPTR_[0-9]{4}s[0-9]{5}(\.[1-5])?)$|^(Ptp(Affx)?\.[0-9]+\.[0-9]+\.(A1|A2|S1|S2)_(x_at|s_at|at|a_at))$|^(AFFX[-_][\w./-]+at)$
poplar_hormone,poplar,rna_seq,legacy_not_in_dropdown,no,efp_poplar,species-fallback,,,0,0,,^(Potri\.([0-9]{3}G|T)[0-9]{6}(\.[0-9]+)?)$|^(POPTR_[0-9]{4}s[0-9]{5}(\.[1-5])?)$|^(Ptp(Affx)?\.[0-9]+\.[0-9]+\.(A1|A2|S1|S2)_(x_at|s_at|at|a_at))$|^(AFFX[-_][\w./-]+at)$
poplar_leaf,poplar,rna_seq,eplant,yes,efp_poplar,eplant-frontend(shares eFP regex),,eplant_poplar,1,1,eplant_poplar: World Leaf,^(Potri\.([0-9]{3}G|T)[0-9]{6}(\.[0-9]+)?)$|^(POPTR_[0-9]{4}s[0-9]{5}(\.[1-5])?)$|^(Ptp(Affx)?\.[0-9]+\.[0-9]+\.(A1|A2|S1|S2)_(x_at|s_at|at|a_at))$|^(AFFX[-_][\w./-]+at)$
poplar_xylem,poplar,rna_seq,eplant,yes,efp_poplar,eplant-frontend(shares eFP regex),,eplant_poplar,1,1,eplant_poplar: World Xylem,^(Potri\.([0-9]{3}G|T)[0-9]{6}(\.[0-9]+)?)$|^(POPTR_[0-9]{4}s[0-9]{5}(\.[1-5])?)$|^(Ptp(Affx)?\.[0-9]+\.[0-9]+\.(A1|A2|S1|S2)_(x_at|s_at|at|a_at))$|^(AFFX[-_][\w./-]+at)$
potato_dev,potato,rna_seq,both,yes,efp_potato,efp-frontend,efp_potato,eplant_potato,2,2,efp_potato: Potato Developmental | eplant_potato: Plant,^(PGSC0003DMG4\d{8})$
potato_stress,potato,rna_seq,both,yes,efp_potato,efp-frontend,efp_potato,eplant_potato,2,2,efp_potato: Potato Stress | eplant_potato: Potato Stress,^(PGSC0003DMG4\d{8})$
potato_wounding,potato,rna_seq,legacy_not_in_dropdown,no,efp_potato,species-fallback,,,0,0,,^(PGSC0003DMG4\d{8})$
quinoa_nutrient,quinoa,rna_seq,legacy_not_in_dropdown,no,(unassigned),UNRESOLVED,,,0,0,,
rice_abiotic_stress_sc_pseudobulk,rice,rna_seq,efp,yes,efp_rice,efp-frontend,efp_rice,,1,1,efp_rice: rice single cell,"^(LOC_Os[0-9]{2}g[0-9]{5})$|^(Os[0-9]{2}g[0-9]{7})$|^(Chr(Sy|Un)\.fgenesh\.gene\.[0-9]+)$|^((Os|OsAffx)\.[0-9]+\.[0-9]+\.[SA][0-9](_(a|s|x)_at|_at))$|^(RPTR-[A-Za-z]{2,3}-[A-Za-z0-9._-]+(_(a|s|x)_at|_at))$|^(AFFX[-_][\w./-]+at)$"
rice_drought_heat_stress,rice,rna_seq,efp,yes,efp_rice,efp-frontend,efp_rice,,1,1,efp_rice: rice drought heat stress,"^(LOC_Os[0-9]{2}g[0-9]{5})$|^(Os[0-9]{2}g[0-9]{7})$|^(Chr(Sy|Un)\.fgenesh\.gene\.[0-9]+)$|^((Os|OsAffx)\.[0-9]+\.[0-9]+\.[SA][0-9](_(a|s|x)_at|_at))$|^(RPTR-[A-Za-z]{2,3}-[A-Za-z0-9._-]+(_(a|s|x)_at|_at))$|^(AFFX[-_][\w./-]+at)$"
rice_leaf_gradient,rice,rna_seq,both,yes,efp_rice,efp-frontend,efp_rice,eplant_rice,2,2,efp_rice: rice leaf gradient | eplant_rice: Leaf Gradient,"^(LOC_Os[0-9]{2}g[0-9]{5})$|^(Os[0-9]{2}g[0-9]{7})$|^(Chr(Sy|Un)\.fgenesh\.gene\.[0-9]+)$|^((Os|OsAffx)\.[0-9]+\.[0-9]+\.[SA][0-9](_(a|s|x)_at|_at))$|^(RPTR-[A-Za-z]{2,3}-[A-Za-z0-9._-]+(_(a|s|x)_at|_at))$|^(AFFX[-_][\w./-]+at)$"
rice_maize_comparison,rice,rna_seq,efp,yes,efp_rice,efp-frontend,efp_rice,,1,1,efp_rice: rice maize comparison,"^(LOC_Os[0-9]{2}g[0-9]{5})$|^(Os[0-9]{2}g[0-9]{7})$|^(Chr(Sy|Un)\.fgenesh\.gene\.[0-9]+)$|^((Os|OsAffx)\.[0-9]+\.[0-9]+\.[SA][0-9](_(a|s|x)_at|_at))$|^(RPTR-[A-Za-z]{2,3}-[A-Za-z0-9._-]+(_(a|s|x)_at|_at))$|^(AFFX[-_][\w./-]+at)$"
rice_mas,rice,microarray,both,yes,efp_rice,efp-frontend,efp_rice,eplant_rice,2,8,"efp_rice: rice mas, riceanoxia mas, ricestigma mas, ricestress mas | eplant_rice: Anoxia, Stress, Stigma, Plant","^(LOC_Os[0-9]{2}g[0-9]{5})$|^(Os[0-9]{2}g[0-9]{7})$|^(Chr(Sy|Un)\.fgenesh\.gene\.[0-9]+)$|^((Os|OsAffx)\.[0-9]+\.[0-9]+\.[SA][0-9](_(a|s|x)_at|_at))$|^(RPTR-[A-Za-z]{2,3}-[A-Za-z0-9._-]+(_(a|s|x)_at|_at))$|^(AFFX[-_][\w./-]+at)$"
rice_metabolite,rice,rna_seq,efp,yes,efp_rice_metabolite,efp-frontend,efp_rice_metabolite,,1,1,efp_rice_metabolite: Metabolite Level,"(?i)^[a-z0-9,\s\.\-]{1,40}$"
rice_rma,rice,microarray,efp,yes,efp_rice,efp-frontend,efp_rice,,1,4,"efp_rice: rice rma, riceanoxia rma, ricestigma rma, ricestress rma","^(LOC_Os[0-9]{2}g[0-9]{5})$|^(Os[0-9]{2}g[0-9]{7})$|^(Chr(Sy|Un)\.fgenesh\.gene\.[0-9]+)$|^((Os|OsAffx)\.[0-9]+\.[0-9]+\.[SA][0-9](_(a|s|x)_at|_at))$|^(RPTR-[A-Za-z]{2,3}-[A-Za-z0-9._-]+(_(a|s|x)_at|_at))$|^(AFFX[-_][\w./-]+at)$"
rice_root,rice,rna_seq,eplant,yes,efp_rice,eplant-frontend(shares eFP regex),,eplant_rice,1,1,eplant_rice: Root,"^(LOC_Os[0-9]{2}g[0-9]{5})$|^(Os[0-9]{2}g[0-9]{7})$|^(Chr(Sy|Un)\.fgenesh\.gene\.[0-9]+)$|^((Os|OsAffx)\.[0-9]+\.[0-9]+\.[SA][0-9](_(a|s|x)_at|_at))$|^(RPTR-[A-Za-z]{2,3}-[A-Za-z0-9._-]+(_(a|s|x)_at|_at))$|^(AFFX[-_][\w./-]+at)$"
selaginella,selaginella,rna_seq,efp,yes,efp_selaginella,efp-frontend,efp_selaginella,,1,1,efp_selaginella: Selaginella Atlas,^(Smo\d+)$
sorghum_atlas_w_BS_cells,sorghum,rna_seq,efp,yes,efp_sorghum,efp-frontend,efp_sorghum,,1,1,efp_sorghum: Atlas w BS Cells,"^(Sobic\.[A-Z]?[0-9]{1,5}G[0-9]{1,10}(\.[0-9]+)?)$|^(Sobic\.K[0-9]{1,10}(\.[0-9]+)?)$|^(SORBI_[0-9]{1,6}G[0-9]{1,10})$|^(ENSRNA[0-9]{1,12})$"
sorghum_comparative_transcriptomics,sorghum,rna_seq,legacy_not_in_dropdown,no,efp_sorghum,species-fallback,,,0,0,,"^(Sobic\.[A-Z]?[0-9]{1,5}G[0-9]{1,10}(\.[0-9]+)?)$|^(Sobic\.K[0-9]{1,10}(\.[0-9]+)?)$|^(SORBI_[0-9]{1,6}G[0-9]{1,10})$|^(ENSRNA[0-9]{1,12})$"
sorghum_developmental,sorghum,rna_seq,efp,yes,efp_sorghum,efp-frontend,efp_sorghum,,1,1,efp_sorghum: Developmental Atlas,"^(Sobic\.[A-Z]?[0-9]{1,5}G[0-9]{1,10}(\.[0-9]+)?)$|^(Sobic\.K[0-9]{1,10}(\.[0-9]+)?)$|^(SORBI_[0-9]{1,6}G[0-9]{1,10})$|^(ENSRNA[0-9]{1,12})$"
sorghum_developmental_2,sorghum,rna_seq,legacy_not_in_dropdown,no,efp_sorghum,species-fallback,,,0,0,,"^(Sobic\.[A-Z]?[0-9]{1,5}G[0-9]{1,10}(\.[0-9]+)?)$|^(Sobic\.K[0-9]{1,10}(\.[0-9]+)?)$|^(SORBI_[0-9]{1,6}G[0-9]{1,10})$|^(ENSRNA[0-9]{1,12})$"
sorghum_flowering_activation,sorghum,rna_seq,efp,yes,efp_sorghum,efp-frontend,efp_sorghum,,1,1,efp_sorghum: Flowering Activation,"^(Sobic\.[A-Z]?[0-9]{1,5}G[0-9]{1,10}(\.[0-9]+)?)$|^(Sobic\.K[0-9]{1,10}(\.[0-9]+)?)$|^(SORBI_[0-9]{1,6}G[0-9]{1,10})$|^(ENSRNA[0-9]{1,12})$"
sorghum_low_phosphorus,sorghum,rna_seq,efp,yes,efp_sorghum,efp-frontend,efp_sorghum,,1,1,efp_sorghum: Low Phosphorus,"^(Sobic\.[A-Z]?[0-9]{1,5}G[0-9]{1,10}(\.[0-9]+)?)$|^(Sobic\.K[0-9]{1,10}(\.[0-9]+)?)$|^(SORBI_[0-9]{1,6}G[0-9]{1,10})$|^(ENSRNA[0-9]{1,12})$"
sorghum_nitrogen_stress,sorghum,rna_seq,legacy_not_in_dropdown,no,efp_sorghum,species-fallback,,,0,0,,"^(Sobic\.[A-Z]?[0-9]{1,5}G[0-9]{1,10}(\.[0-9]+)?)$|^(Sobic\.K[0-9]{1,10}(\.[0-9]+)?)$|^(SORBI_[0-9]{1,6}G[0-9]{1,10})$|^(ENSRNA[0-9]{1,12})$"
sorghum_nitrogen_use_efficiency,sorghum,rna_seq,legacy_not_in_dropdown,no,efp_sorghum,species-fallback,,,0,0,,"^(Sobic\.[A-Z]?[0-9]{1,5}G[0-9]{1,10}(\.[0-9]+)?)$|^(Sobic\.K[0-9]{1,10}(\.[0-9]+)?)$|^(SORBI_[0-9]{1,6}G[0-9]{1,10})$|^(ENSRNA[0-9]{1,12})$"
sorghum_phosphate_stress,sorghum,rna_seq,efp,yes,efp_sorghum,efp-frontend,efp_sorghum,,1,1,efp_sorghum: Phosphate Stress,"^(Sobic\.[A-Z]?[0-9]{1,5}G[0-9]{1,10}(\.[0-9]+)?)$|^(Sobic\.K[0-9]{1,10}(\.[0-9]+)?)$|^(SORBI_[0-9]{1,6}G[0-9]{1,10})$|^(ENSRNA[0-9]{1,12})$"
sorghum_plasma,sorghum,rna_seq,legacy_not_in_dropdown,no,efp_sorghum,species-fallback,,,0,0,,"^(Sobic\.[A-Z]?[0-9]{1,5}G[0-9]{1,10}(\.[0-9]+)?)$|^(Sobic\.K[0-9]{1,10}(\.[0-9]+)?)$|^(SORBI_[0-9]{1,6}G[0-9]{1,10})$|^(ENSRNA[0-9]{1,12})$"
sorghum_saline_alkali_stress,sorghum,rna_seq,efp,yes,efp_sorghum,efp-frontend,efp_sorghum,,1,1,efp_sorghum: Saline Alkali Stress,"^(Sobic\.[A-Z]?[0-9]{1,5}G[0-9]{1,10}(\.[0-9]+)?)$|^(Sobic\.K[0-9]{1,10}(\.[0-9]+)?)$|^(SORBI_[0-9]{1,6}G[0-9]{1,10})$|^(ENSRNA[0-9]{1,12})$"
sorghum_stress,sorghum,rna_seq,efp,yes,efp_sorghum,efp-frontend,efp_sorghum,,1,1,efp_sorghum: Stress Atlas,"^(Sobic\.[A-Z]?[0-9]{1,5}G[0-9]{1,10}(\.[0-9]+)?)$|^(Sobic\.K[0-9]{1,10}(\.[0-9]+)?)$|^(SORBI_[0-9]{1,6}G[0-9]{1,10})$|^(ENSRNA[0-9]{1,12})$"
sorghum_strigolactone_variation,sorghum,rna_seq,efp,yes,efp_sorghum,efp-frontend,efp_sorghum,,1,1,efp_sorghum: Strigolactone Variation,"^(Sobic\.[A-Z]?[0-9]{1,5}G[0-9]{1,10}(\.[0-9]+)?)$|^(Sobic\.K[0-9]{1,10}(\.[0-9]+)?)$|^(SORBI_[0-9]{1,6}G[0-9]{1,10})$|^(ENSRNA[0-9]{1,12})$"
sorghum_sulfur_stress,sorghum,rna_seq,efp,yes,efp_sorghum,efp-frontend,efp_sorghum,,1,1,efp_sorghum: Sulfur Stress,"^(Sobic\.[A-Z]?[0-9]{1,5}G[0-9]{1,10}(\.[0-9]+)?)$|^(Sobic\.K[0-9]{1,10}(\.[0-9]+)?)$|^(SORBI_[0-9]{1,6}G[0-9]{1,10})$|^(ENSRNA[0-9]{1,12})$"
sorghum_temperature_stress,sorghum,rna_seq,legacy_not_in_dropdown,no,efp_sorghum,species-fallback,,,0,0,,"^(Sobic\.[A-Z]?[0-9]{1,5}G[0-9]{1,10}(\.[0-9]+)?)$|^(Sobic\.K[0-9]{1,10}(\.[0-9]+)?)$|^(SORBI_[0-9]{1,6}G[0-9]{1,10})$|^(ENSRNA[0-9]{1,12})$"
sorghum_vascularization_and_internode,sorghum,rna_seq,efp,yes,efp_sorghum,efp-frontend,efp_sorghum,,1,1,efp_sorghum: Vascularization and Internode,"^(Sobic\.[A-Z]?[0-9]{1,5}G[0-9]{1,10}(\.[0-9]+)?)$|^(Sobic\.K[0-9]{1,10}(\.[0-9]+)?)$|^(SORBI_[0-9]{1,6}G[0-9]{1,10})$|^(ENSRNA[0-9]{1,12})$"
soybean,soybean,rna_seq,both,yes,efp_soybean,efp-frontend,efp_soybean,eplant_soybean,2,2,efp_soybean: soybean | eplant_soybean: Plant,"^(Glyma[0-9]{1,3}g[0-9]{1,6}(\.[0-9]+)?)$|^(Glyma\.[0-9]{1,3}g[0-9]{1,8}(\.[0-9]+)?)$|^(Glyma[0-9]{4}s[0-9]{2,5}(\.[0-9]+)?)$"
soybean_embryonic_development,soybean,rna_seq,efp,yes,efp_soybean,efp-frontend,efp_soybean,,1,1,efp_soybean: soybean embryonic development,"^(Glyma[0-9]{1,3}g[0-9]{1,6}(\.[0-9]+)?)$|^(Glyma\.[0-9]{1,3}g[0-9]{1,8}(\.[0-9]+)?)$|^(Glyma[0-9]{4}s[0-9]{2,5}(\.[0-9]+)?)$"
soybean_heart_cotyledon_globular,soybean,rna_seq,efp,yes,efp_soybean,efp-frontend,efp_soybean,,1,1,efp_soybean: soybean heart cotyledon globular,"^(Glyma[0-9]{1,3}g[0-9]{1,6}(\.[0-9]+)?)$|^(Glyma\.[0-9]{1,3}g[0-9]{1,8}(\.[0-9]+)?)$|^(Glyma[0-9]{4}s[0-9]{2,5}(\.[0-9]+)?)$"
soybean_senescence,soybean,rna_seq,efp,yes,efp_soybean,efp-frontend,efp_soybean,,1,1,efp_soybean: soybean senescence,"^(Glyma[0-9]{1,3}g[0-9]{1,6}(\.[0-9]+)?)$|^(Glyma\.[0-9]{1,3}g[0-9]{1,8}(\.[0-9]+)?)$|^(Glyma[0-9]{4}s[0-9]{2,5}(\.[0-9]+)?)$"
soybean_severin,soybean,rna_seq,both,yes,efp_soybean,efp-frontend,efp_soybean,eplant_soybean,2,2,efp_soybean: soybean severin | eplant_soybean: Soybean Severin,"^(Glyma[0-9]{1,3}g[0-9]{1,6}(\.[0-9]+)?)$|^(Glyma\.[0-9]{1,3}g[0-9]{1,8}(\.[0-9]+)?)$|^(Glyma[0-9]{4}s[0-9]{2,5}(\.[0-9]+)?)$"
spruce,spruce,rna_seq,legacy_not_in_dropdown,no,(unassigned),UNRESOLVED,,,0,0,,
strawberry,strawberry,rna_seq,efp,yes,efp_strawberry,efp-frontend,efp_strawberry,,1,2,"efp_strawberry: Developmental Map Strawberry Flower and Fruit, Strawberry Green vs White Stage","^(FvH4_c?\d{1,3}g\d{1,7})$|^(gene\d{1,10})$"
striga,striga,rna_seq,efp,yes,efp_striga,efp-frontend,efp_striga,,1,1,efp_striga: Striga Atlas,"^(StHeBC3\_\d+\.\d{1,5})$|^(At\d[gcm]\d{1,6})$"
sugarcane_culms,sugarcane,rna_seq,eplant,yes,efp_sugarcane,eplant-frontend(shares eFP regex),,eplant_sugarcane,1,1,eplant_sugarcane: Culms,"^(S[a-zA-Z]{1,4}[A-Za-z0-9._-]{2,40})$"
sugarcane_leaf,sugarcane,rna_seq,eplant,yes,efp_sugarcane,eplant-frontend(shares eFP regex),,eplant_sugarcane,1,1,eplant_sugarcane: Leaf,"^(S[a-zA-Z]{1,4}[A-Za-z0-9._-]{2,40})$"
sunflower,sunflower,rna_seq,eplant,yes,efp_sunflower,eplant-frontend(shares eFP regex),,eplant_sunflower,1,1,eplant_sunflower: Plant,"^(Ha(n)?[A-Za-z0-9._-]{3,40})$|^(Ha412[A-Za-z0-9._-]+)$"
thellungiella_db,thellungiella,rna_seq,efp,yes,efp_eutrema,species-special-case,efp_eutrema,,1,1,efp_eutrema: Eutrema,^(Thhalv[0-9]{8}m\.g)$|^(XLOC_[0-9]{6})$|^(nXLOC_[0-9]{6})$|^(At[0-9]g[0-9]{5})$
tomato,tomato,rna_seq,efp,yes,efp_tomato,efp-frontend,efp_tomato,,1,1,efp_tomato: Rose Lab Atlas,"^(Solyc[0-9]{2}g[0-9]{6}(\.[0-9]+){0,2})$|^(TU[0-9]{6})$"
tomato_ils,tomato,rna_seq,both,yes,efp_tomato,efp-frontend,efp_tomato,eplant_tomato,2,2,efp_tomato: ILs Leaf Chitwood et al | eplant_tomato: LeafILs,"^(Solyc[0-9]{2}g[0-9]{6}(\.[0-9]+){0,2})$|^(TU[0-9]{6})$"
tomato_ils2,tomato,rna_seq,both,yes,efp_tomato,efp-frontend,efp_tomato,eplant_tomato,2,2,efp_tomato: ILs Root Tip Brady Lab | eplant_tomato: RootILs,"^(Solyc[0-9]{2}g[0-9]{6}(\.[0-9]+){0,2})$|^(TU[0-9]{6})$"
tomato_ils3,tomato,rna_seq,legacy_not_in_dropdown,no,efp_tomato,species-fallback,,,0,0,,"^(Solyc[0-9]{2}g[0-9]{6}(\.[0-9]+){0,2})$|^(TU[0-9]{6})$"
tomato_meristem,tomato,rna_seq,efp,yes,efp_tomato,efp-frontend,efp_tomato,,1,1,efp_tomato: Tomato Meristem,"^(Solyc[0-9]{2}g[0-9]{6}(\.[0-9]+){0,2})$|^(TU[0-9]{6})$"
tomato_renormalized,tomato,rna_seq,both,yes,efp_tomato,efp-frontend,efp_tomato,eplant_tomato,2,3,"efp_tomato: Rose Lab Atlas Renormalized | eplant_tomato: Fruit, Plant","^(Solyc[0-9]{2}g[0-9]{6}(\.[0-9]+){0,2})$|^(TU[0-9]{6})$"
tomato_root,tomato,rna_seq,eplant,yes,efp_tomato,eplant-frontend(shares eFP regex),,eplant_tomato,1,1,eplant_tomato: Root,"^(Solyc[0-9]{2}g[0-9]{6}(\.[0-9]+){0,2})$|^(TU[0-9]{6})$"
tomato_root_field_pot,tomato,rna_seq,eplant,yes,efp_tomato,eplant-frontend(shares eFP regex),,eplant_tomato,1,1,eplant_tomato: RootFieldPot,"^(Solyc[0-9]{2}g[0-9]{6}(\.[0-9]+){0,2})$|^(TU[0-9]{6})$"
tomato_s_pennellii,tomato,rna_seq,both,yes,efp_tomato,efp-frontend,efp_tomato,eplant_tomato,2,2,efp_tomato: M82 S pennellii Atlases Koenig et al | eplant_tomato: TomatoAtlases,"^(Solyc[0-9]{2}g[0-9]{6}(\.[0-9]+){0,2})$|^(TU[0-9]{6})$"
tomato_seed,tomato,rna_seq,efp,yes,efp_tomato,efp-frontend,efp_tomato,,1,1,efp_tomato: SEED Lab Angers,"^(Solyc[0-9]{2}g[0-9]{6}(\.[0-9]+){0,2})$|^(TU[0-9]{6})$"
tomato_shade_mutants,tomato,rna_seq,efp,yes,efp_tomato,efp-frontend,efp_tomato,,1,1,efp_tomato: Shade Mutants,"^(Solyc[0-9]{2}g[0-9]{6}(\.[0-9]+){0,2})$|^(TU[0-9]{6})$"
tomato_shade_timecourse,tomato,rna_seq,efp,yes,efp_tomato,efp-frontend,efp_tomato,,1,1,efp_tomato: Shade Timecourse WT,"^(Solyc[0-9]{2}g[0-9]{6}(\.[0-9]+){0,2})$|^(TU[0-9]{6})$"
tomato_trait,tomato,rna_seq,legacy_not_in_dropdown,no,efp_tomato,species-fallback,,,0,0,,"^(Solyc[0-9]{2}g[0-9]{6}(\.[0-9]+){0,2})$|^(TU[0-9]{6})$"
triphysaria,triphysaria,rna_seq,efp,yes,efp_triphysaria,efp-frontend,efp_triphysaria,,1,1,efp_triphysaria: Triphysaria,"^(TrVeBC\d+_\d+\.\d{1,5})$|^(At\d[gcm]\d{1,6})$"
triticale,triticale,microarray,efp,yes,efp_triticale,efp-frontend,efp_triticale,,1,1,efp_triticale: triticale,^((Ta|TaAffx)\.[0-9]+\.[0-9]+\.[A-Z][0-9]+(_(a|s|x)_at|_at))$|^(AFFX[-_][\w./-]+at)$
triticale_mas,triticale,microarray,efp,yes,efp_triticale,efp-frontend,efp_triticale,,1,1,efp_triticale: triticale mas,^((Ta|TaAffx)\.[0-9]+\.[0-9]+\.[A-Z][0-9]+(_(a|s|x)_at|_at))$|^(AFFX[-_][\w./-]+at)$
tung_tree,tung_tree,rna_seq,efp,yes,efp_tung_tree,efp-frontend,efp_tung_tree,,1,1,efp_tung_tree: Tung Tree,^(Vf\d+G\d+)$
durum_wheat_abiotic_stress,wheat,rna_seq,efp,yes,efp_durum_wheat,efp-frontend,efp_durum_wheat,,1,1,efp_durum_wheat: Abiotic Stress,"^(TrturSVE[A-Za-z0-9]{1,6}G[0-9]{1,12}(_[A-Za-z]+)?)$"
durum_wheat_biotic_stress,wheat,rna_seq,efp,yes,efp_durum_wheat,efp-frontend,efp_durum_wheat,,1,1,efp_durum_wheat: Biotic Stress,"^(TrturSVE[A-Za-z0-9]{1,6}G[0-9]{1,12}(_[A-Za-z]+)?)$"
durum_wheat_development,wheat,rna_seq,efp,yes,efp_durum_wheat,efp-frontend,efp_durum_wheat,,1,1,efp_durum_wheat: Development,"^(TrturSVE[A-Za-z0-9]{1,6}G[0-9]{1,12}(_[A-Za-z]+)?)$"
wheat,wheat,rna_seq,both,yes,efp_wheat,efp-frontend,efp_wheat,eplant_wheat,2,4,"efp_wheat: Developmental Atlas | eplant_wheat: EarlyStages, MiddleStages, LateStages","^(TraesCS\d\D\d{0,2}[G]\d{0,6}L*C*\.*\d*)$|^(TraesCSU\d+G\d+L*C*\.*\d*)$"
wheat_abiotic_stress,wheat,rna_seq,efp,yes,efp_wheat,efp-frontend,efp_wheat,,1,1,efp_wheat: Wheat Abiotic Stress,"^(TraesCS\d\D\d{0,2}[G]\d{0,6}L*C*\.*\d*)$|^(TraesCSU\d+G\d+L*C*\.*\d*)$"
wheat_embryogenesis,wheat,rna_seq,efp,yes,efp_wheat,efp-frontend,efp_wheat,,1,1,efp_wheat: Wheat Embryogenesis,"^(TraesCS\d\D\d{0,2}[G]\d{0,6}L*C*\.*\d*)$|^(TraesCSU\d+G\d+L*C*\.*\d*)$"
wheat_meiosis,wheat,rna_seq,efp,yes,efp_wheat,efp-frontend,efp_wheat,,1,1,efp_wheat: Wheat Meiosis,"^(TraesCS\d\D\d{0,2}[G]\d{0,6}L*C*\.*\d*)$|^(TraesCSU\d+G\d+L*C*\.*\d*)$"
wheat_root,wheat,rna_seq,legacy_not_in_dropdown,no,efp_wheat,species-fallback,,,0,0,,"^(TraesCS\d\D\d{0,2}[G]\d{0,6}L*C*\.*\d*)$|^(TraesCSU\d+G\d+L*C*\.*\d*)$"
willow,willow,rna_seq,legacy_not_in_dropdown,no,(unassigned),UNRESOLVED,,,0,0,,
